<?xml version="1.0" encoding="UTF-8"?><rss version="2.0"
	xmlns:content="http://purl.org/rss/1.0/modules/content/"
	xmlns:wfw="http://wellformedweb.org/CommentAPI/"
	xmlns:dc="http://purl.org/dc/elements/1.1/"
	xmlns:atom="http://www.w3.org/2005/Atom"
	xmlns:sy="http://purl.org/rss/1.0/modules/syndication/"
	xmlns:slash="http://purl.org/rss/1.0/modules/slash/"
	>

<channel>
	<title>Bánh tươi &#8211; Bibica</title>
	<atom:link href="http://https://github.com/nhatphi1515/nhatphi1515.github.io.git/danh-muc-san-pham/banh/banh-tuoi/feed/" rel="self" type="application/rss+xml" />
	<link>http://https://github.com/nhatphi1515/nhatphi1515.github.io.git</link>
	<description></description>
	<lastBuildDate>Mon, 06 Dec 2021 14:06:59 +0000</lastBuildDate>
	<language>vi</language>
	<sy:updatePeriod>
	hourly	</sy:updatePeriod>
	<sy:updateFrequency>
	1	</sy:updateFrequency>
	<generator>https://wordpress.org/?v=5.8.2</generator>
	<item>
		<title>Bánh WAGASHI MOCHI vị Xoài &#8211; Dâu</title>
		<link>http://https://github.com/nhatphi1515/nhatphi1515.github.io.git/san-pham/banh-wagashi-mochi-vi-xoai-dau/</link>
					<comments>http://https://github.com/nhatphi1515/nhatphi1515.github.io.git/san-pham/banh-wagashi-mochi-vi-xoai-dau/#respond</comments>
		
		<dc:creator><![CDATA[admin]]></dc:creator>
		<pubDate>Tue, 02 Nov 2021 07:24:11 +0000</pubDate>
				<guid isPermaLink="false">http://https://github.com/nhatphi1515/nhatphi1515.github.io.git/?post_type=product&#038;p=1739</guid>

					<description><![CDATA[<h3>- Bánh Wasaghi Mochi Vị Xoài - Dâu 180 gram là sản phẩm cải tiến từ những loại bánh Mochi đến từ Nhật Bản, mang hương vị ngọt ngào của xoài và dâu tây, khiến cho món bánh đã ngon nay còn thanh vị hơn.</h3>
<h3>- Thương hiệu: Bibica</h3>
<h3>- Xuất xứ: Bibica (Việt Nam)</h3>]]></description>
										<content:encoded><![CDATA[<p>Mô tả cụ thể:</p>
<h3>Bánh Wasaghi Mochi Vị Xoài &#8211; Dâu 180 gram được làm từ Bột nếp, hạt sen, đường, mạch nha mứt xòai, mứt dâu tạo nên một món bánh hòa quyện những hương vị thơm ngon. .</h3>
<h3>Sản phẩm thích hợp làm thức ăn vặt, tiện lợi khi mang theo đi làm, đi chơi. Sản xuất trên dây chuyền thiết bị hiện đại của Châu Âu. Đạt tiêu chuẩn HACCP, đảm bảo các chỉ tiêu về vệ sinh an toàn thực phẩm.</h3>
<p>&#8211; Thành phần:  Bột nếp, 25% nhân hạt sen, đường, mạch nha , chất ổn định (1422), chất giứ ẩm (422), dầu tinh luyện, cơm dừa , 0,8% mứt xòai, 0,8% mứt dâu, chất nhũ hóa(322(i)), phẩm màu tự nhiên : carmin (120), curcumin (100(i), chất bảo quản (202), hương tổng hợp (xoài, dâu).</p>
<p>&#8211; Hương vị:  Bánh Wasaghi Mochi Vị Xoài &#8211; Dâu 180 gram có hương vị xoài và dâu thanh nhẹ, beo béo của bơ lạt và sữa bột, dẻo dai của vỏ ngoài mang đến cho bạn món bánh trọng vị, hấp dẫn và dẻo mịn.</p>
<p>&#8211; Khối lượng: 180 gam/hộp</p>
<p>&#8211; Hướng dẫn sử dụng:</p>
<ul>
<li>Dùng trực tiếp.</li>
<li>Ngon hơn khi cho vào ngăn mát tủ lạnh</li>
<li>Ăn thay cho bữa sáng hoặc bữa xế và tráng miệng.</li>
</ul>
<p>&nbsp;</p>
<p>&#8211; Hướng dẫn bảo quản: Bảo quản hoặc trưng bày ở nơi khô ráo, thoáng mát.</p>
<p>&nbsp;</p>
]]></content:encoded>
					
					<wfw:commentRss>http://https://github.com/nhatphi1515/nhatphi1515.github.io.git/san-pham/banh-wagashi-mochi-vi-xoai-dau/feed/</wfw:commentRss>
			<slash:comments>0</slash:comments>
		
		
			</item>
		<item>
		<title>Bánh WAGASHI MOCHI vị Hồng &#8211; Bưởi</title>
		<link>http://https://github.com/nhatphi1515/nhatphi1515.github.io.git/san-pham/banh-wagashi-mochi-vi-hong-buoi/</link>
					<comments>http://https://github.com/nhatphi1515/nhatphi1515.github.io.git/san-pham/banh-wagashi-mochi-vi-hong-buoi/#respond</comments>
		
		<dc:creator><![CDATA[admin]]></dc:creator>
		<pubDate>Tue, 02 Nov 2021 07:23:00 +0000</pubDate>
				<guid isPermaLink="false">http://https://github.com/nhatphi1515/nhatphi1515.github.io.git/?post_type=product&#038;p=1735</guid>

					<description><![CDATA[<h3>- Bánh Wasaghi Mochi Vị Hồng - Bưởi 180 gram là sản phẩm cải tiến từ những loại bánh Mochi đến từ Nhật Bản, mang hương vị ngọt ngào của hồng và bưởi, khiến cho món bánh đã ngon nay còn thanh vị hơn.</h3>
<h3>- Thương hiệu: Bibica</h3>
<h3>- Xuất xứ: Bibica (Việt Nam)</h3>]]></description>
										<content:encoded><![CDATA[<p>Mô tả cụ thể:</p>
<h3>Bánh Wasaghi Mochi Vị Hồng &#8211; Bưởi 180 gram được làm từ Bột nếp, hạt sen, đường, mạch nha mứt hồng, mứt bưởi tạo nên một món bánh hòa quyện những hương vị thơm ngon. .</h3>
<h3>Sản phẩm thích hợp làm thức ăn vặt, tiện lợi khi mang theo đi làm, đi chơi. Sản xuất trên dây chuyền thiết bị hiện đại của Châu Âu. Đạt tiêu chuẩn HACCP, đảm bảo các chỉ tiêu về vệ sinh an toàn thực phẩm.</h3>
<p>&#8211; Thành phần: Bột nếp, 25% nhân hạt sen, đường, mạch nha , chất ổn định (1422), chất giứ ẩm (422), dầu tinh luyện, cơm dừa , 0,8% hồng dẻo sấy, 0,8% vỏ bưởi, chất nhũ hóa(322(i)), hoa đậu biếc, màu tổng hợp: lycopen 160d(i)), chất bảo quản (202).</p>
<p>&#8211; Hương vị:  Bánh Wasaghi Mochi Vị Hồng &#8211; Bưởi 180 gram có hương vị hồng và bưởi thanh nhẹ, beo béo của bơ lạt và sữa bột, dẻo dai của vỏ ngoài mang đến cho bạn món bánh trọng vị, hấp dẫn và dẻo mịn.</p>
<p>&#8211; Khối lượng: 180 gam/hộp</p>
<p>&#8211; Hướng dẫn sử dụng:</p>
<ul>
<li>Dùng trực tiếp.</li>
<li>Ngon hơn khi cho vào ngăn mát tủ lạnh</li>
<li>Ăn thay cho bữa sáng hoặc bữa xế và tráng miệng.</li>
</ul>
<p>&nbsp;</p>
<p>&#8211; Hướng dẫn bảo quản: Bảo quản hoặc trưng bày ở nơi khô ráo, thoáng mát.</p>
]]></content:encoded>
					
					<wfw:commentRss>http://https://github.com/nhatphi1515/nhatphi1515.github.io.git/san-pham/banh-wagashi-mochi-vi-hong-buoi/feed/</wfw:commentRss>
			<slash:comments>0</slash:comments>
		
		
			</item>
	</channel>
</rss>
