<?xml version="1.0" encoding="UTF-8"?><rss version="2.0"
	xmlns:content="http://purl.org/rss/1.0/modules/content/"
	xmlns:wfw="http://wellformedweb.org/CommentAPI/"
	xmlns:dc="http://purl.org/dc/elements/1.1/"
	xmlns:atom="http://www.w3.org/2005/Atom"
	xmlns:sy="http://purl.org/rss/1.0/modules/syndication/"
	xmlns:slash="http://purl.org/rss/1.0/modules/slash/"
	>

<channel>
	<title>Kẹo &#8211; Bibica</title>
	<atom:link href="http://https://github.com/nhatphi1515/nhatphi1515.github.io.git/danh-muc-san-pham/keo/feed/" rel="self" type="application/rss+xml" />
	<link>http://https://github.com/nhatphi1515/nhatphi1515.github.io.git</link>
	<description></description>
	<lastBuildDate>Mon, 06 Dec 2021 14:06:58 +0000</lastBuildDate>
	<language>vi</language>
	<sy:updatePeriod>
	hourly	</sy:updatePeriod>
	<sy:updateFrequency>
	1	</sy:updateFrequency>
	<generator>https://wordpress.org/?v=5.8.2</generator>
	<item>
		<title>Kẹo Sữa mềm hộp thiếc aHHa xanh</title>
		<link>http://https://github.com/nhatphi1515/nhatphi1515.github.io.git/san-pham/keo-sua-mem-hop-thiec-ahha-xanh/</link>
					<comments>http://https://github.com/nhatphi1515/nhatphi1515.github.io.git/san-pham/keo-sua-mem-hop-thiec-ahha-xanh/#respond</comments>
		
		<dc:creator><![CDATA[admin]]></dc:creator>
		<pubDate>Tue, 02 Nov 2021 07:34:42 +0000</pubDate>
				<guid isPermaLink="false">http://https://github.com/nhatphi1515/nhatphi1515.github.io.git/?post_type=product&#038;p=1760</guid>

					<description><![CDATA[<h3>- Kẹo Sữa Mềm Hộp Thiếc aHHa Xanh 150 gam là sản phẩm quen thuộc của Bibica và được rất nhiều khách hạng tin chọn. Phù hợp cho những khách hàng thích những loại kẹo không quá ngọt và bị lôi cuốn bởi những loại kẹo có hương vị cà phê.</h3>
<h3>- Thương hiệu: Bibica</h3>
<h3>- Xuất xứ: Bibica (Việt Nam)</h3>
- Trọng lượng: 100 gam/hộp]]></description>
										<content:encoded><![CDATA[<p>Mô tả cụ thể:</p>
<h3>Kẹo Sữa Mềm Hộp Thiếc aHHa Xanh 150 gam được làm từ đường mạch nha và, sữa tươi tạo nên loại kẹo hòa quyện những hương vị thơm ngon và mới lạ.</h3>
<h3>Sản phẩm thích hợp làm thức ăn vặt, tiện lợi khi mang theo đi làm, đi chơi. Sản xuất trên dây chuyền thiết bị hiện đại của Châu Âu. Đạt tiêu chuẩn HACCP, đảm bảo các chỉ tiêu về vệ sinh an toàn thực phẩm.</h3>
<p>&#8211; Thành phần:  Đường, mạch nha (tinh bột sắn, muối, nước), 8% sữa bột, dầu olein hydro hóa, bột kem sữa, gelatin, đạm đậu nành, dầu bơ khan, muối I-ốt, chất làm dày (E1204), chất nhũ hóa (E322(i)).</p>
<p>&#8211; Chỉ tiêu chất lượng chủ yếu:</p>
<p>Năng lượng : 374 ÷ 703 kcal Chất béo: 20.6 ÷ 40.1 g</p>
<p>Carbohydrate: 41.1 ÷ 79 g Protein : 4.75 ÷ 9.4 g</p>
<p>&nbsp;</p>
<p>&#8211; Hương vị:  Kẹo Sữa Mềm Hộp Thiếc aHHa Xanh 150 gam có hương kem sữa béo béo mang đến cho bạn món bánh trọng vị, hấp dẫn và ngọt ngào, mềm dẻo.</p>
<p>&#8211; Khối lượng: 180 gam/hộp</p>
<p>&#8211; Hướng dẫn sử dụng:</p>
<ul>
<li>Dùng trực tiếp.</li>
</ul>
<p>&nbsp;</p>
<p>&#8211; Hướng dẫn bảo quản: Bảo quản hoặc trưng bày ở nơi khô ráo, thoáng mát.</p>
]]></content:encoded>
					
					<wfw:commentRss>http://https://github.com/nhatphi1515/nhatphi1515.github.io.git/san-pham/keo-sua-mem-hop-thiec-ahha-xanh/feed/</wfw:commentRss>
			<slash:comments>0</slash:comments>
		
		
			</item>
		<item>
		<title>Kẹo Sữa mềm hộp thiếc aHHa Đỏ</title>
		<link>http://https://github.com/nhatphi1515/nhatphi1515.github.io.git/san-pham/keo-sua-mem-hop-thiec-ahha-do/</link>
					<comments>http://https://github.com/nhatphi1515/nhatphi1515.github.io.git/san-pham/keo-sua-mem-hop-thiec-ahha-do/#respond</comments>
		
		<dc:creator><![CDATA[admin]]></dc:creator>
		<pubDate>Tue, 02 Nov 2021 07:33:43 +0000</pubDate>
				<guid isPermaLink="false">http://https://github.com/nhatphi1515/nhatphi1515.github.io.git/?post_type=product&#038;p=1755</guid>

					<description><![CDATA[<h3>- Kẹo Sữa Mềm Hộp Thiếc aHHa Đỏ 150 gam là sản phẩm quen thuộc của Bibica và được rất nhiều khách hạng tin chọn. Phù hợp cho những khách hàng thích những loại kẹo không quá ngọt và bị lôi cuốn bởi những loại kẹo có hương vị cà phê.</h3>
<h3>- Thương hiệu: Bibica</h3>
<h3>- Xuất xứ: Bibica (Việt Nam)</h3>]]></description>
										<content:encoded><![CDATA[<p>Mô tả cụ thể:</p>
<h3>Kẹo Sữa Mềm Hộp Thiếc aHHa Đỏ 150 gam được làm từ đường mạch nha và, sữa tươi tạo nên loại kẹo hòa quyện những hương vị thơm ngon và mới lạ.</h3>
<h3>Sản phẩm thích hợp làm thức ăn vặt, tiện lợi khi mang theo đi làm, đi chơi. Sản xuất trên dây chuyền thiết bị hiện đại của Châu Âu. Đạt tiêu chuẩn HACCP, đảm bảo các chỉ tiêu về vệ sinh an toàn thực phẩm.</h3>
<p>&#8211; Thành phần:  Đường, mạch nha (tinh bột sắn, muối, nước), 8% sữa bột, dầu olein hydro hóa, bột kem sữa, gelatin, đạm đậu nành, dầu bơ khan, muối I-ốt, chất làm dày (E1204), chất nhũ hóa (E322(i)).</p>
<p>&#8211; Chỉ tiêu chất lượng chủ yếu:</p>
<p>Năng lượng : 374 ÷ 703 kcal Chất béo: 20.6 ÷ 40.1 g</p>
<p>Carbohydrate: 41.1 ÷ 79 g Protein : 4.75 ÷ 9.4 g</p>
<p>&nbsp;</p>
<p>&#8211; Hương vị:  Kẹo Sữa Mềm Hộp Thiếc aHHa Đỏ 150 gam có hương kem sữa béo béo mang đến cho bạn món bánh trọng vị, hấp dẫn và ngọt ngào, mềm dẻo.</p>
<p>&#8211; Khối lượng: 180 gam/hộp</p>
<p>&#8211; Hướng dẫn sử dụng:</p>
<ul>
<li>Dùng trực tiếp.</li>
</ul>
<p>&nbsp;</p>
<p>&#8211; Hướng dẫn bảo quản: Bảo quản hoặc trưng bày ở nơi khô ráo, thoáng mát.</p>
]]></content:encoded>
					
					<wfw:commentRss>http://https://github.com/nhatphi1515/nhatphi1515.github.io.git/san-pham/keo-sua-mem-hop-thiec-ahha-do/feed/</wfw:commentRss>
			<slash:comments>0</slash:comments>
		
		
			</item>
		<item>
		<title>Kẹo cứng Michoco Cà phê đen</title>
		<link>http://https://github.com/nhatphi1515/nhatphi1515.github.io.git/san-pham/keo-cung-michoco-ca-phe-den/</link>
					<comments>http://https://github.com/nhatphi1515/nhatphi1515.github.io.git/san-pham/keo-cung-michoco-ca-phe-den/#respond</comments>
		
		<dc:creator><![CDATA[admin]]></dc:creator>
		<pubDate>Tue, 02 Nov 2021 07:31:53 +0000</pubDate>
				<guid isPermaLink="false">http://https://github.com/nhatphi1515/nhatphi1515.github.io.git/?post_type=product&#038;p=1752</guid>

					<description><![CDATA[<h3>- Kẹo Cứng Michoco Cà Phê Đen Túi 100 gam là sản phẩm quen thuộc của Bibica và được rất nhiều khách hạng tin chọn. Phù hợp cho những khách hàng thích những loại kẹo không quá ngọt và bị lôi cuốn bởi những loại kẹo có hương vị cà phê.</h3>
<h3>- Thương hiệu: Bibica</h3>
<h3>- Xuất xứ: Bibica (Việt Nam)</h3>
- Trọng lượng: 100 gam/hộp]]></description>
										<content:encoded><![CDATA[<p>Mô tả cụ thể:</p>
<h3>Kẹo Cứng Michoco Cà Phê Đen Túi 100 gam được làm từ đường mạch nha và, bột cà phê tạo nên loại kẹo hòa quyện những hương vị thơm ngon và mới lạ.</h3>
<h3>Sản phẩm thích hợp làm thức ăn vặt, tiện lợi khi mang theo đi làm, đi chơi. Sản xuất trên dây chuyền thiết bị hiện đại của Châu Âu. Đạt tiêu chuẩn HACCP, đảm bảo các chỉ tiêu về vệ sinh an toàn thực phẩm.</h3>
<p>&#8211; Thành phần:  Đường, mạch nha (tinh bột sắn, muối, nước), bơ ca cao, 3% chiết xuất cà phê, 1% cà phê hoà tan, muối, chất nhũ hoá (E322i), hương (capuchino) tổng hợp, màu thực phẩm tổng hợp (E150d).</p>
<p>&#8211; Chỉ tiêu chất lượng chủ yếu:</p>
<p>Năng lượng : 374 ÷ 703 kcal Chất béo: 20.6 ÷ 40.1 g</p>
<p>Carbohydrate: 41.1 ÷ 79 g Protein : 4.75 ÷ 9.4 g</p>
<p>&nbsp;</p>
<p>&#8211; Hương vị:  Kẹo Cứng Michoco Cà Phê Đen Túi 100 gam có hương cà phê và vị mặn nhẹ và béo béo của muối và kem sữa thanh nhẹ, mang đến cho bạn món bánh trọng vị, hấp dẫn và giòn tan.</p>
<p>&#8211; Khối lượng: 180 gam/hộp</p>
<p>&#8211; Hướng dẫn sử dụng:</p>
<ul>
<li>Dùng trực tiếp.</li>
</ul>
<p>&nbsp;</p>
<p>&#8211; Hướng dẫn bảo quản: Bảo quản hoặc trưng bày ở nơi khô ráo, thoáng mát.</p>
<h2><strong> </strong></h2>
]]></content:encoded>
					
					<wfw:commentRss>http://https://github.com/nhatphi1515/nhatphi1515.github.io.git/san-pham/keo-cung-michoco-ca-phe-den/feed/</wfw:commentRss>
			<slash:comments>0</slash:comments>
		
		
			</item>
	</channel>
</rss>
