<?xml version="1.0" encoding="UTF-8"?><rss version="2.0"
	xmlns:content="http://purl.org/rss/1.0/modules/content/"
	xmlns:dc="http://purl.org/dc/elements/1.1/"
	xmlns:atom="http://www.w3.org/2005/Atom"
	xmlns:sy="http://purl.org/rss/1.0/modules/syndication/"
	
	>
<channel>
	<title>
	Các phản hồi luận về: Sự khác biệt giữa bánh trung thu truyền thống và hiện đại	</title>
	<atom:link href="http://https://github.com/nhatphi1515/nhatphi1515.github.io.git/2021/10/18/su-khac-biet-giua-banh-trung-thu-truyen-thong-va-hien-dai/feed/" rel="self" type="application/rss+xml" />
	<link>http://https://github.com/nhatphi1515/nhatphi1515.github.io.git/2021/10/18/su-khac-biet-giua-banh-trung-thu-truyen-thong-va-hien-dai/</link>
	<description></description>
	<lastBuildDate>Tue, 07 Dec 2021 03:18:25 +0000</lastBuildDate>
	<sy:updatePeriod>
	hourly	</sy:updatePeriod>
	<sy:updateFrequency>
	1	</sy:updateFrequency>
	<generator>https://wordpress.org/?v=5.8.2</generator>
	<item>
		<title>
		Bởi: admin		</title>
		<link>http://https://github.com/nhatphi1515/nhatphi1515.github.io.git/2021/10/18/su-khac-biet-giua-banh-trung-thu-truyen-thong-va-hien-dai/#comment-405</link>

		<dc:creator><![CDATA[admin]]></dc:creator>
		<pubDate>Mon, 06 Dec 2021 14:08:21 +0000</pubDate>
		<guid isPermaLink="false">http://https://github.com/nhatphi1515/nhatphi1515.github.io.git/?p=1505#comment-405</guid>

					<description><![CDATA[Danh không ngu]]></description>
			<content:encoded><![CDATA[<p>Danh không ngu</p>
]]></content:encoded>
		
			</item>
		<item>
		<title>
		Bởi: admin		</title>
		<link>http://https://github.com/nhatphi1515/nhatphi1515.github.io.git/2021/10/18/su-khac-biet-giua-banh-trung-thu-truyen-thong-va-hien-dai/#comment-395</link>

		<dc:creator><![CDATA[admin]]></dc:creator>
		<pubDate>Fri, 26 Nov 2021 14:06:25 +0000</pubDate>
		<guid isPermaLink="false">http://https://github.com/nhatphi1515/nhatphi1515.github.io.git/?p=1505#comment-395</guid>

					<description><![CDATA[bánh ngon]]></description>
			<content:encoded><![CDATA[<p>bánh ngon</p>
]]></content:encoded>
		
			</item>
		<item>
		<title>
		Bởi: admin		</title>
		<link>http://https://github.com/nhatphi1515/nhatphi1515.github.io.git/2021/10/18/su-khac-biet-giua-banh-trung-thu-truyen-thong-va-hien-dai/#comment-393</link>

		<dc:creator><![CDATA[admin]]></dc:creator>
		<pubDate>Fri, 26 Nov 2021 13:54:52 +0000</pubDate>
		<guid isPermaLink="false">http://https://github.com/nhatphi1515/nhatphi1515.github.io.git/?p=1505#comment-393</guid>

					<description><![CDATA[bài viết quá hay và bổ ích, mình rất cảm ơn bạn]]></description>
			<content:encoded><![CDATA[<p>bài viết quá hay và bổ ích, mình rất cảm ơn bạn</p>
]]></content:encoded>
		
			</item>
	</channel>
</rss>
