<?xml version="1.0" encoding="UTF-8"?><rss version="2.0"
	xmlns:content="http://purl.org/rss/1.0/modules/content/"
	xmlns:wfw="http://wellformedweb.org/CommentAPI/"
	xmlns:dc="http://purl.org/dc/elements/1.1/"
	xmlns:atom="http://www.w3.org/2005/Atom"
	xmlns:sy="http://purl.org/rss/1.0/modules/syndication/"
	xmlns:slash="http://purl.org/rss/1.0/modules/slash/"
	>

<channel>
	<title>Bánh biscuits &amp; cookies &#8211; Bibica</title>
	<atom:link href="http://https://github.com/nhatphi1515/nhatphi1515.github.io.git/danh-muc-san-pham/banh/banh-biscuits-cookies/feed/" rel="self" type="application/rss+xml" />
	<link>http://https://github.com/nhatphi1515/nhatphi1515.github.io.git</link>
	<description></description>
	<lastBuildDate>Tue, 02 Nov 2021 07:46:30 +0000</lastBuildDate>
	<language>vi</language>
	<sy:updatePeriod>
	hourly	</sy:updatePeriod>
	<sy:updateFrequency>
	1	</sy:updateFrequency>
	<generator>https://wordpress.org/?v=5.8.2</generator>
	<item>
		<title>Bánh Cookies Bơ Bon Ami Classic</title>
		<link>http://https://github.com/nhatphi1515/nhatphi1515.github.io.git/san-pham/banh-cookies-bo-bon-ami-classic-192-gam/</link>
					<comments>http://https://github.com/nhatphi1515/nhatphi1515.github.io.git/san-pham/banh-cookies-bo-bon-ami-classic-192-gam/#respond</comments>
		
		<dc:creator><![CDATA[admin]]></dc:creator>
		<pubDate>Mon, 01 Nov 2021 11:26:47 +0000</pubDate>
				<guid isPermaLink="false">http://https://github.com/nhatphi1515/nhatphi1515.github.io.git/?post_type=product&#038;p=1660</guid>

					<description><![CDATA[<h3>- Bánh Cookies Bơ Brownie Bon Ami Classic là dòng bánh Cookie giòn xốp, thơm vị bơ, hấp dẫn từ miếng bánh đầu tiên.</h3>
<h3>- Thương hiệu: Bon Ami</h3>
- Hương vị: vị bơ thơm ngon, hấp hẫn.
<h3>- Xuất xứ: Bibica (Việt Nam)</h3>]]></description>
										<content:encoded><![CDATA[<p>Mô tả cụ thể:</p>
<h3>Bánh Cookies Bơ Bon Ami Classic 80g được làm từ trứng, bơ lạt và sữa, cho cốt bánh giòn xốp và thơm lừng vị bơ. Sản phẩm thích hợp làm thức ăn vặt, tiện lợi khi mang theo đi làm, đi chơi. Sản xuất trên dây chuyền thiết bị hiện đại của Châu Âu. Đạt tiêu chuẩn HACCP, đảm bảo các chỉ tiêu về vệ sinh an toàn thực phẩm.</h3>
<p>&#8211; Thành phần: Bột mì, đường, chất béo thực vật (dầu olein tinh luyện), 10% bơ lạt, sữa bột, muối I-ốt, chất tạo xốp (E500(ii), E503(ii)), hương tổng hợp (sữa, vani).</p>
<p>&#8211; Hương vị:  Bánh Cookies Bơ Brownie Bon Ami Classic giòn xốp với vị bơ thơm ngon, hấp dẫn.</p>
<p>&#8211; Khối lượng: 192gam/hộp</p>
<p>&#8211; Hướng dẫn sử dụng:</p>
<ul>
<li>Dùng trực tiếp.</li>
<li>Ăn thay cho bữa sáng hoặc bữa xế và có thể ăn kèm: như sữa, sữa chua, phô mai,&#8230;</li>
</ul>
<p>&#8211; Hướng dẫn bảo quản: Bảo quản hoặc trưng bày ở nơi khô ráo, thoáng mát</p>
]]></content:encoded>
					
					<wfw:commentRss>http://https://github.com/nhatphi1515/nhatphi1515.github.io.git/san-pham/banh-cookies-bo-bon-ami-classic-192-gam/feed/</wfw:commentRss>
			<slash:comments>0</slash:comments>
		
		
			</item>
		<item>
		<title>Bánh Cookies hỗn hợp Bon Ami Classic</title>
		<link>http://https://github.com/nhatphi1515/nhatphi1515.github.io.git/san-pham/banh-cookies-hon-hop-bon-ami-classic/</link>
					<comments>http://https://github.com/nhatphi1515/nhatphi1515.github.io.git/san-pham/banh-cookies-hon-hop-bon-ami-classic/#respond</comments>
		
		<dc:creator><![CDATA[admin]]></dc:creator>
		<pubDate>Mon, 01 Nov 2021 11:07:53 +0000</pubDate>
				<guid isPermaLink="false">http://https://github.com/nhatphi1515/nhatphi1515.github.io.git/?post_type=product&#038;p=1659</guid>

					<description><![CDATA[<h3>- Bánh Cookies hỗn hợp Brownie Bon Ami Classic là dòng bánh Cookie giòn xốp, thơm vị bơ và đa dạng 4 loại bánh trong cùng 1 hộp: Hướng Dương; Brownie; Nho và Bơ.</h3>
<h3>- Thương hiệu: Bon Ami</h3>
- Hương vị: Brownies, Nho khô, Bơ, Hạt Hướng Dương.
<h3>- Xuất xứ: Bibica (Việt Nam)</h3>
- Trọng lượng: 192 gam/hộp]]></description>
										<content:encoded><![CDATA[<p>Mô tả cụ thể:</p>
<h3>Bánh Cookies hồn hợp Brownie Bon Ami Classic 192g được làm từ trứng, bơ lạt và sữa, cho cốt bánh giòn xốp. Sản phẩm thích hợp làm thức ăn vặt, tiện lợi khi mang theo đi làm, đi chơi. Sản xuất trên dây chuyền thiết bị hiện đại của Châu Âu. Đạt tiêu chuẩn HACCP, đảm bảo các chỉ tiêu về vệ sinh an toàn thực phẩm.</h3>
<p>&#8211; Thành phần: Bột mì, đường, chất béo thực vật (dầu olein tinh luyện), bơ lạt, 6% sô cô la hạt, 5% bột cacao, sữa bột, muối I-ốt, chất tạo xốp (E500(ii), E503(ii)), hương tổng hợp (sữa, vani).</p>
<p>&#8211; Hương vị:  Bánh Cookies Brownie Bon Ami Classic giòn xốp với 4 hương vị: Brownies, Nho khô, Bơ, Hạt Hướng Dương.</p>
<p>&#8211; Khối lượng: 192gam/hộp</p>
<p>&#8211; Hướng dẫn sử dụng:</p>
<ul>
<li>Dùng trực tiếp.</li>
<li>Ăn thay cho bữa sáng hoặc bữa xế và có thể ăn kèm: như sữa, sữa chua, phô mai,&#8230;</li>
</ul>
<p>&#8211; Hướng dẫn bảo quản: Bảo quản hoặc trưng bày ở nơi khô ráo, thoáng mát</p>
]]></content:encoded>
					
					<wfw:commentRss>http://https://github.com/nhatphi1515/nhatphi1515.github.io.git/san-pham/banh-cookies-hon-hop-bon-ami-classic/feed/</wfw:commentRss>
			<slash:comments>0</slash:comments>
		
		
			</item>
		<item>
		<title>Bánh Cookies Brownie Bon Ami Classic</title>
		<link>http://https://github.com/nhatphi1515/nhatphi1515.github.io.git/san-pham/banh-cookies-brownie-bon-ami-classic/</link>
					<comments>http://https://github.com/nhatphi1515/nhatphi1515.github.io.git/san-pham/banh-cookies-brownie-bon-ami-classic/#respond</comments>
		
		<dc:creator><![CDATA[admin]]></dc:creator>
		<pubDate>Mon, 01 Nov 2021 10:49:29 +0000</pubDate>
				<guid isPermaLink="false">http://https://github.com/nhatphi1515/nhatphi1515.github.io.git/?post_type=product&#038;p=1609</guid>

					<description><![CDATA[<h3>- Bánh Cookies Brownie Bon Ami Classic là dòng bánh Cookie giòn xốp, thơm vị bơ và đắng nhẹ của chocolate nguyên chất đem lại cho bạn món bánh tròn vị, hấp dẫn khi thưởng thức.</h3>
<h3>- Thương hiệu: Bon Ami</h3>
<h3>- Xuất xứ: Bibica (Việt Nam)</h3>]]></description>
										<content:encoded><![CDATA[<p>Mô tả cụ thể:</p>
<h3>Bánh Cookies Brownie Bon Ami Classic 192g được làm từ trứng, bơ lạt và sữa, cho cốt bánh giòn xốp. Sản phẩm thích hợp làm thức ăn vặt, tiện lợi khi mang theo đi làm, đi chơi. Sản xuất trên dây chuyền thiết bị hiện đại của Châu Âu. Đạt tiêu chuẩn HACCP, đảm bảo các chỉ tiêu về vệ sinh an toàn thực phẩm.</h3>
<p>&#8211; Thành phần: Bột mì, đường, chất béo thực vật (dầu olein tinh luyện), bơ lạt, 6% sô cô la hạt, 5% bột cacao, sữa bột, muối I-ốt, chất tạo xốp (E500(ii), E503(ii)), hương tổng hợp (sữa, vani).</p>
<p>&#8211; Hương vị:  Bánh Cookies Brownie Bon Ami Classic giòn xốp thơm vị bơ và đắng nhẹ của chocolate nguyên chất hòa quyện vị cacao mang đến cho bạn món bánh trọng vị, hấp dẫn.</p>
<p>&#8211; Khối lượng: 192gam/hộp</p>
<p>&#8211; Hướng dẫn sử dụng:</p>
<ul>
<li>Dùng trực tiếp.</li>
<li>Ăn thay cho bữa sáng hoặc bữa xế và có thể ăn kèm: như sữa, sữa chua, phô mai,&#8230;</li>
</ul>
<p>&#8211; Hướng dẫn bảo quản: Bảo quản hoặc trưng bày ở nơi khô ráo, thoáng mát</p>
<p>&nbsp;</p>
]]></content:encoded>
					
					<wfw:commentRss>http://https://github.com/nhatphi1515/nhatphi1515.github.io.git/san-pham/banh-cookies-brownie-bon-ami-classic/feed/</wfw:commentRss>
			<slash:comments>0</slash:comments>
		
		
			</item>
	</channel>
</rss>
