<?xml version="1.0" encoding="UTF-8"?><rss version="2.0"
	xmlns:content="http://purl.org/rss/1.0/modules/content/"
	xmlns:wfw="http://wellformedweb.org/CommentAPI/"
	xmlns:dc="http://purl.org/dc/elements/1.1/"
	xmlns:atom="http://www.w3.org/2005/Atom"
	xmlns:sy="http://purl.org/rss/1.0/modules/syndication/"
	xmlns:slash="http://purl.org/rss/1.0/modules/slash/"
	>

<channel>
	<title>Bánh cracker &#8211; Bibica</title>
	<atom:link href="http://https://github.com/nhatphi1515/nhatphi1515.github.io.git/danh-muc-san-pham/banh/banh-cracker/feed/" rel="self" type="application/rss+xml" />
	<link>http://https://github.com/nhatphi1515/nhatphi1515.github.io.git</link>
	<description></description>
	<lastBuildDate>Tue, 02 Nov 2021 12:30:12 +0000</lastBuildDate>
	<language>vi</language>
	<sy:updatePeriod>
	hourly	</sy:updatePeriod>
	<sy:updateFrequency>
	1	</sy:updateFrequency>
	<generator>https://wordpress.org/?v=5.8.2</generator>
	<item>
		<title>Bánh Cracker Ngũ cốc BẮP Gooka</title>
		<link>http://https://github.com/nhatphi1515/nhatphi1515.github.io.git/san-pham/banh-cracker-ngu-coc-bap-gooka/</link>
					<comments>http://https://github.com/nhatphi1515/nhatphi1515.github.io.git/san-pham/banh-cracker-ngu-coc-bap-gooka/#respond</comments>
		
		<dc:creator><![CDATA[admin]]></dc:creator>
		<pubDate>Tue, 02 Nov 2021 06:40:48 +0000</pubDate>
				<guid isPermaLink="false">http://https://github.com/nhatphi1515/nhatphi1515.github.io.git/?post_type=product&#038;p=1666</guid>

					<description><![CDATA[<h3>- Bánh Cracker Ngũ cốc bắp Gooka không chiên qua dầu nên tốt cho sức khỏe. Bánh được làm từ thành phần bột gạo nên tạo ra cấu trúc mỏng, giòn và xốp đặc trưng giúp ăn hoài không ngán.</h3>
<h3>- Thương hiệu: Gooka</h3>
<h3>- Xuất xứ: Bibica (Việt Nam)</h3>]]></description>
										<content:encoded><![CDATA[<p>Mô tả cụ thể:</p>
<h3>Bánh Cracker Ngũ cốc Bắp Gooka được nướng và không chiên qua dầu nên tốt cho sức khỏe. Bánh được làm từ thành phần bột gạo nên tạo ra cấu trúc mỏng, giòn và xốp đặc trưng giúp ăn hoài không ngán. Bánh ngũ cốc cracker Gooka được đóng gói theo từng gói nhỏ, tiện lợi khi mang theo đi học, đi làm hoặc đi chơi.</h3>
<p>&#8211; Thành phần: Bột mì, chất béo thực vật (shortening, dầu thực vật tinh luyện), đường, 8.2% bột khoai lang, 8.2% bột gạo, 5.7% bắp hạt, tinh bột biến tính, sữa bột, muối, hương bắp tổng hợp, phẩm màu thực phẩm tổng hợp beta-caroten (160a(i), chất tạo xốp (503ii, 500ii), chất nhũ hóa (322i), chất xử lý bôt (223), enzyme.</p>
<p>&#8211; Hương vị: Bánh Cracker Ngũ cốc Bắp Gooka vị phomai thơm ngon, hấp dẫn.</p>
<p>&#8211; Đóng gói: 12 gói/320g/hộp giấy.</p>
<p>&#8211; Hướng dẫn sử dụng:</p>
<ul>
<li>Dùng trực tiếp.</li>
<li>Ăn thay cho bữa sáng hoặc bữa xế và có thể ăn kèm: như sữa, sữa chua, phô mai,&#8230;</li>
</ul>
<p>&#8211; Hướng dẫn bảo quản: Bảo quản hoặc trưng bày ở nơi khô ráo, thoáng mát</p>
<p>&nbsp;</p>
]]></content:encoded>
					
					<wfw:commentRss>http://https://github.com/nhatphi1515/nhatphi1515.github.io.git/san-pham/banh-cracker-ngu-coc-bap-gooka/feed/</wfw:commentRss>
			<slash:comments>0</slash:comments>
		
		
			</item>
		<item>
		<title>Bánh Cracker Ngũ cốc Khoai tây Gooka</title>
		<link>http://https://github.com/nhatphi1515/nhatphi1515.github.io.git/san-pham/banh-cracker-ngu-coc-khoai-tay-gooka-320-gam/</link>
					<comments>http://https://github.com/nhatphi1515/nhatphi1515.github.io.git/san-pham/banh-cracker-ngu-coc-khoai-tay-gooka-320-gam/#respond</comments>
		
		<dc:creator><![CDATA[admin]]></dc:creator>
		<pubDate>Mon, 01 Nov 2021 11:28:58 +0000</pubDate>
				<guid isPermaLink="false">http://https://github.com/nhatphi1515/nhatphi1515.github.io.git/?post_type=product&#038;p=1661</guid>

					<description><![CDATA[<h3>- Bánh Cracker Ngũ cốc Khoai tây Gooka không chiên qua dầu nên tốt cho sức khỏe. Bánh được làm từ thành phần bột gạo nên tạo ra cấu trúc mỏng, giòn và xốp đặc trưng giúp ăn hoài không ngán.</h3>
<h3>- Thương hiệu: Gooka</h3>
<h3>- Xuất xứ: Bibica (Việt Nam)</h3>]]></description>
										<content:encoded><![CDATA[<p>Mô tả cụ thể:</p>
<h3>Bánh Cracker Ngũ cốc Khoai tây Gooka được nướng và không chiên qua dầu nên tốt cho sức khỏe. Bánh được làm từ thành phần bột gạo nên tạo ra cấu trúc mỏng, giòn và xốp đặc trưng giúp ăn hoài không ngán. Bánh ngũ cốc cracker Gooka được đóng gói theo từng gói nhỏ, tiện lợi khi mang theo đi học, đi làm hoặc đi chơi.</h3>
<p>&#8211; Thành phần: Bột mì, chất béo thực vật (shortening, dầu thực vật tinh luyện), đường, 8.2% bột khoai lang, 8.2% bột gạo, 5.7% bắp hạt, tinh bột biến tính, sữa bột, muối, hương bắp tổng hợp, phẩm màu thực phẩm tổng hợp beta-caroten (160a(i), chất tạo xốp (503ii, 500ii), chất nhũ hóa (322i), chất xử lý bôt (223), enzyme.</p>
<p>&#8211; Hương vị: Bánh Cracker Ngũ cốc Khoai tây Gooka vị dừa thơm ngon, hấp dẫn.</p>
<p>&#8211; Đóng gói: 12 gói/320g/hộp giấy.</p>
<p>&#8211; Hướng dẫn sử dụng:</p>
<ul>
<li>Dùng trực tiếp.</li>
<li>Ăn thay cho bữa sáng hoặc bữa xế và có thể ăn kèm: như sữa, sữa chua, phô mai,&#8230;</li>
</ul>
<p>&#8211; Hướng dẫn bảo quản: Bảo quản hoặc trưng bày ở nơi khô ráo, thoáng mát</p>
<p>&nbsp;</p>
]]></content:encoded>
					
					<wfw:commentRss>http://https://github.com/nhatphi1515/nhatphi1515.github.io.git/san-pham/banh-cracker-ngu-coc-khoai-tay-gooka-320-gam/feed/</wfw:commentRss>
			<slash:comments>0</slash:comments>
		
		
			</item>
	</channel>
</rss>
