<?xml version="1.0" encoding="UTF-8"?><rss version="2.0"
	xmlns:content="http://purl.org/rss/1.0/modules/content/"
	xmlns:wfw="http://wellformedweb.org/CommentAPI/"
	xmlns:dc="http://purl.org/dc/elements/1.1/"
	xmlns:atom="http://www.w3.org/2005/Atom"
	xmlns:sy="http://purl.org/rss/1.0/modules/syndication/"
	xmlns:slash="http://purl.org/rss/1.0/modules/slash/"
	>

<channel>
	<title>480 &#8211; Bibica</title>
	<atom:link href="http://https://github.com/nhatphi1515/nhatphi1515.github.io.git/trong-luong/480/feed/" rel="self" type="application/rss+xml" />
	<link>http://https://github.com/nhatphi1515/nhatphi1515.github.io.git</link>
	<description></description>
	<lastBuildDate>Tue, 07 Dec 2021 03:37:15 +0000</lastBuildDate>
	<language>vi</language>
	<sy:updatePeriod>
	hourly	</sy:updatePeriod>
	<sy:updateFrequency>
	1	</sy:updateFrequency>
	<generator>https://wordpress.org/?v=5.8.2</generator>
	<item>
		<title>Kẹo Sữa mềm hộp thiếc aHHa Đỏ</title>
		<link>http://https://github.com/nhatphi1515/nhatphi1515.github.io.git/san-pham/keo-sua-mem-hop-thiec-ahha-do/</link>
					<comments>http://https://github.com/nhatphi1515/nhatphi1515.github.io.git/san-pham/keo-sua-mem-hop-thiec-ahha-do/#respond</comments>
		
		<dc:creator><![CDATA[admin]]></dc:creator>
		<pubDate>Tue, 02 Nov 2021 07:33:43 +0000</pubDate>
				<guid isPermaLink="false">http://https://github.com/nhatphi1515/nhatphi1515.github.io.git/?post_type=product&#038;p=1755</guid>

					<description><![CDATA[<h3>- Kẹo Sữa Mềm Hộp Thiếc aHHa Đỏ 150 gam là sản phẩm quen thuộc của Bibica và được rất nhiều khách hạng tin chọn. Phù hợp cho những khách hàng thích những loại kẹo không quá ngọt và bị lôi cuốn bởi những loại kẹo có hương vị cà phê.</h3>
<h3>- Thương hiệu: Bibica</h3>
<h3>- Xuất xứ: Bibica (Việt Nam)</h3>]]></description>
										<content:encoded><![CDATA[<p>Mô tả cụ thể:</p>
<h3>Kẹo Sữa Mềm Hộp Thiếc aHHa Đỏ 150 gam được làm từ đường mạch nha và, sữa tươi tạo nên loại kẹo hòa quyện những hương vị thơm ngon và mới lạ.</h3>
<h3>Sản phẩm thích hợp làm thức ăn vặt, tiện lợi khi mang theo đi làm, đi chơi. Sản xuất trên dây chuyền thiết bị hiện đại của Châu Âu. Đạt tiêu chuẩn HACCP, đảm bảo các chỉ tiêu về vệ sinh an toàn thực phẩm.</h3>
<p>&#8211; Thành phần:  Đường, mạch nha (tinh bột sắn, muối, nước), 8% sữa bột, dầu olein hydro hóa, bột kem sữa, gelatin, đạm đậu nành, dầu bơ khan, muối I-ốt, chất làm dày (E1204), chất nhũ hóa (E322(i)).</p>
<p>&#8211; Chỉ tiêu chất lượng chủ yếu:</p>
<p>Năng lượng : 374 ÷ 703 kcal Chất béo: 20.6 ÷ 40.1 g</p>
<p>Carbohydrate: 41.1 ÷ 79 g Protein : 4.75 ÷ 9.4 g</p>
<p>&nbsp;</p>
<p>&#8211; Hương vị:  Kẹo Sữa Mềm Hộp Thiếc aHHa Đỏ 150 gam có hương kem sữa béo béo mang đến cho bạn món bánh trọng vị, hấp dẫn và ngọt ngào, mềm dẻo.</p>
<p>&#8211; Khối lượng: 180 gam/hộp</p>
<p>&#8211; Hướng dẫn sử dụng:</p>
<ul>
<li>Dùng trực tiếp.</li>
</ul>
<p>&nbsp;</p>
<p>&#8211; Hướng dẫn bảo quản: Bảo quản hoặc trưng bày ở nơi khô ráo, thoáng mát.</p>
]]></content:encoded>
					
					<wfw:commentRss>http://https://github.com/nhatphi1515/nhatphi1515.github.io.git/san-pham/keo-sua-mem-hop-thiec-ahha-do/feed/</wfw:commentRss>
			<slash:comments>0</slash:comments>
		
		
			</item>
		<item>
		<title>Bánh kem xốp Cà Phê muối Roppy</title>
		<link>http://https://github.com/nhatphi1515/nhatphi1515.github.io.git/san-pham/banh-kem-xop-ca-phe-muoi-roppy/</link>
					<comments>http://https://github.com/nhatphi1515/nhatphi1515.github.io.git/san-pham/banh-kem-xop-ca-phe-muoi-roppy/#respond</comments>
		
		<dc:creator><![CDATA[admin]]></dc:creator>
		<pubDate>Tue, 02 Nov 2021 07:26:37 +0000</pubDate>
				<guid isPermaLink="false">http://https://github.com/nhatphi1515/nhatphi1515.github.io.git/?post_type=product&#038;p=1742</guid>

					<description><![CDATA[Mô tả cụ thể:
<h3>Bánh Kem Xốp Cà Phê Muối Roppy 504 gam được làm từ Bột nếp, bột cà phê tạo nên một món bánh hòa quyện những hương vị thơm ngon và mới lạ.</h3>
<h3>Sản phẩm thích hợp làm thức ăn vặt, tiện lợi khi mang theo đi làm, đi chơi. Sản xuất trên dây chuyền thiết bị hiện đại của Châu Âu. Đạt tiêu chuẩn HACCP, đảm bảo các chỉ tiêu về vệ sinh an toàn thực phẩm.</h3>
- Thành phần:  Bột mì, đường, chất béo thực vật (shortening, dầu tinh luyện), sữa bột (4%), bột biến tính, 0.6% muối, 0.2% bột cà phê, chất nhũ hóa (322i) , màu caramel nhóm I (150a), chất tạo xốp (503ii, 500ii), hương tổng hợp (cà phê, vani).

- Chỉ tiêu chất lượng chủ yếu:

Năng lượng : 374 ÷ 703 kcal Chất béo: 20.6 ÷ 40.1 g

Carbohydrate: 41.1 ÷ 79 g Protein : 4.75 ÷ 9.4 g

&#160;

- Hương vị:  Bánh kem xốp Cà Phê muối Roppy 504 gam có hương cà phê và vị mặn nhẹ và béo béo của muối và kem sữa thanh nhẹ, mang đến cho bạn món bánh trọng vị, hấp dẫn và giòn tan.

- Khối lượng: 180 gam/hộp

- Hướng dẫn sử dụng:
<ul>
 	<li>Dùng trực tiếp.</li>
 	<li>Ngon hơn khi ăn cùng sữa tươi.</li>
 	<li>Ăn thay cho bữa sáng hoặc bữa xế và tráng miệng.</li>
</ul>
&#160;

- Hướng dẫn bảo quản: Bảo quản hoặc trưng bày ở nơi khô ráo, thoáng mát.]]></description>
										<content:encoded><![CDATA[<p>Mô tả cụ thể:</p>
<h3>Bánh Kem Xốp Cà Phê Muối Roppy 504 gam được làm từ Bột nếp, bột cà phê tạo nên một món bánh hòa quyện những hương vị thơm ngon và mới lạ.</h3>
<h3>Sản phẩm thích hợp làm thức ăn vặt, tiện lợi khi mang theo đi làm, đi chơi. Sản xuất trên dây chuyền thiết bị hiện đại của Châu Âu. Đạt tiêu chuẩn HACCP, đảm bảo các chỉ tiêu về vệ sinh an toàn thực phẩm.</h3>
<p>&#8211; Thành phần:  Bột mì, đường, chất béo thực vật (shortening, dầu tinh luyện), sữa bột (4%), bột biến tính, 0.6% muối, 0.2% bột cà phê, chất nhũ hóa (322i) , màu caramel nhóm I (150a), chất tạo xốp (503ii, 500ii), hương tổng hợp (cà phê, vani).</p>
<p>&#8211; Chỉ tiêu chất lượng chủ yếu:</p>
<p>Năng lượng : 374 ÷ 703 kcal Chất béo: 20.6 ÷ 40.1 g</p>
<p>Carbohydrate: 41.1 ÷ 79 g Protein : 4.75 ÷ 9.4 g</p>
<p>&nbsp;</p>
<p>&#8211; Hương vị:  Bánh kem xốp Cà Phê muối Roppy 504 gam có hương cà phê và vị mặn nhẹ và béo béo của muối và kem sữa thanh nhẹ, mang đến cho bạn món bánh trọng vị, hấp dẫn và giòn tan.</p>
<p>&#8211; Khối lượng: 180 gam/hộp</p>
<p>&#8211; Hướng dẫn sử dụng:</p>
<ul>
<li>Dùng trực tiếp.</li>
<li>Ngon hơn khi ăn cùng sữa tươi.</li>
<li>Ăn thay cho bữa sáng hoặc bữa xế và tráng miệng.</li>
</ul>
<p>&nbsp;</p>
<p>&#8211; Hướng dẫn bảo quản: Bảo quản hoặc trưng bày ở nơi khô ráo, thoáng mát.</p>
]]></content:encoded>
					
					<wfw:commentRss>http://https://github.com/nhatphi1515/nhatphi1515.github.io.git/san-pham/banh-kem-xop-ca-phe-muoi-roppy/feed/</wfw:commentRss>
			<slash:comments>0</slash:comments>
		
		
			</item>
		<item>
		<title>Bánh Cao Cấp NHẬT NGUYỆT</title>
		<link>http://https://github.com/nhatphi1515/nhatphi1515.github.io.git/san-pham/banh-cao-cap-nhat-nguyet/</link>
					<comments>http://https://github.com/nhatphi1515/nhatphi1515.github.io.git/san-pham/banh-cao-cap-nhat-nguyet/#respond</comments>
		
		<dc:creator><![CDATA[admin]]></dc:creator>
		<pubDate>Tue, 02 Nov 2021 07:20:31 +0000</pubDate>
				<guid isPermaLink="false">http://https://github.com/nhatphi1515/nhatphi1515.github.io.git/?post_type=product&#038;p=1726</guid>

					<description><![CDATA[<h3>- Bánh cao cấp Nhật Nguyệt như ánh trăng soi sáng, mang lại sự bình yên và êm ả cho đêm Trung thu trọn vẹn và đầm ấm bên gia đình.yêu thương. Với 6 vị bánh mới lạ, Nhật Nguyệt mang đến cảm giác ngon miệng, đầm ấm.</h3>
<h3>- Xuất xứ: Bibica (Việt Nam)</h3>]]></description>
										<content:encoded><![CDATA[<p>Mô tả cụ thể:</p>
<h3>Bánh cao cấp Nhật Nguyệt như ánh trăng soi sáng, mang lại sự bình yên và êm ả cho đêm Trung thu trọn vẹn và đầm ấm bên gia đình.yêu thương. Với 6 vị bánh mới lạ, Nhật Nguyệt mang đến cảm giác ngon miệng, đầm ấm.</h3>
<p>&nbsp;</p>
<p>&#8211; Mỗi hộp bánh cao cấp “Nhật Nguyệt” gồm có 6 bánh hảo hạng:</p>
<ul>
<li>Gà Quay Vi Cá</li>
<li>Hải sâm hảo hạng</li>
<li>Gà Đông tảo quay</li>
<li>Jambon Bát bửu</li>
<li>Vi cá Hải sâm</li>
<li>Tôm Wasabi</li>
</ul>
<p>&#8211; Đóng gói: 80 gam/gói &#8211; 06 gói/hộp &#8211; 480 gam/hộp.</p>
<p>&#8211; Hướng dẫn sử dụng:</p>
<ul>
<li>Dùng trực tiếp.</li>
<li>Ăn thay cho bữa sáng hoặc bữa xế và có thể ăn kèm: như sữa, sữa chua, phô mai,&#8230;</li>
</ul>
<p>&#8211; Hướng dẫn bảo quản: Bảo quản hoặc trưng bày ở nơi khô ráo, thoáng mát.</p>
]]></content:encoded>
					
					<wfw:commentRss>http://https://github.com/nhatphi1515/nhatphi1515.github.io.git/san-pham/banh-cao-cap-nhat-nguyet/feed/</wfw:commentRss>
			<slash:comments>0</slash:comments>
		
		
			</item>
		<item>
		<title>Bánh cao cấp THU NGUYỆT</title>
		<link>http://https://github.com/nhatphi1515/nhatphi1515.github.io.git/san-pham/banh-cao-cap-thu-nguyet/</link>
					<comments>http://https://github.com/nhatphi1515/nhatphi1515.github.io.git/san-pham/banh-cao-cap-thu-nguyet/#respond</comments>
		
		<dc:creator><![CDATA[admin]]></dc:creator>
		<pubDate>Tue, 02 Nov 2021 07:15:30 +0000</pubDate>
				<guid isPermaLink="false">http://https://github.com/nhatphi1515/nhatphi1515.github.io.git/?post_type=product&#038;p=1718</guid>

					<description><![CDATA[- Bánh cao cấp Thu Nguyệt 720 lấy cảm hứng từ bầu trời đêm sao, có trăng tròn tỏa sáng giữa mùa thu. Với 4 vị bánh hảo hạng mang mỗi nét riêng, bánh Thu Nguyệt  trọn vị đêm trăng rằm.

- Xuất xứ: Bibica (Việt Nam)]]></description>
										<content:encoded><![CDATA[<p>Mô tả cụ thể:</p>
<p>Thu Nguyệt lấy cảm hứng từ bầu trời đêm đầy sao, một vầng sáng tròn vành vạnh như đổ khuôn, ánh trăng mùa thu như mật vàng, ngọt lịm tuôn tràn xuống mọi ngõ ngách khiến từng lá cây, ngọn cỏ đều sáng lung linh, bình thản ngồi lại bên nhau cùng Thu Nguyệt, ngắm trăng trong đêm yên tĩnh mới thấy lạ làm sao, trăng như tròn hơn, sáng hơn, thanh cao hơn. Kiểu dáng đóng gói đa dạng: Thu Cúc, Tango trọng vị đêm trăng rằm.</p>
<p>&nbsp;</p>
<p>&#8211; Mỗi hộp bánh cao cấp “Thu Nguyệt” gồm có 4 bánh hảo hạng:</p>
<ul>
<li>Hải sâm hảo hạng</li>
<li>Gà Đông tảo quay</li>
<li>Đậu xanh &#8211; Hạnh nhân</li>
<li>Hạt sen &#8211; Cranberry</li>
</ul>
<p>&#8211; Thành phần Bánh trung thu nhân Hải sâm hảo hạng:</p>
<p>Bột mì, mạch nha, 3.6%hải sâm, trứng vịt muối, mứt bí, mứt chanh, mứt gừng, lá chanh, mỡ heo, lạp xưởng, jambon, dầu tinh luyện, bột nếp, hạt mè, hạt điều, hạt dưa, dầu mè đen, muối I-ốt, chất bảo quản (E202), chất tạo xốp (E500(ii)), hương (thịt nướng, vani) tổng hợp, màu thực phẩm (E129) tổng hợp.</p>
<p>&#8211; Thành phần Bánh trung thu Gà Đông tảo quay:</p>
<p>Bột mì, mạch nha (tinh bột sắn, muối I-ốt, nước), đường, trứng vịt muối, jambon, lạp xưởng, mứt bí, mứt chanh, mứt gừng, lá chanh, bột nếp, dầu olein tinh luyện, 0,9% thịt gà Đông tảo quay, mỡ heo, hạt mè, hạt điều, hạt dưa, dầu mè đen, muối I-ốt, chất bảo quản (E202), chất tạo xốp (E500(ii)), hương (vani, thịt, gà) tổng hợp, phẩm màu tổng hợp(E129).</p>
<p>&#8211; Thành phần Bánh trung thu Đậu xanh Tảo Spirulina:</p>
<p>Bột mì, đường,  mạch nha (tinh bột sắn, muối I-ốt, nước), 20% Đậu xanh, trứng vịt muối,  dầu olein tinh luyện, 0.5%  tảo Spirulina, muối I-ốt, chất giữ ẩm (glycerol), chất tạo ngọt tổng hợp(sorbitol), hương (đậu xanh, vani) tổng hợp, chất bảo quản (E202, E200).</p>
<p>&#8211; Thành phần Bánh trung thu Sôcôla &#8211; Hạnh nhân:</p>
<p>Bột mì, 4,3% hạnh nhân, 1,2% bột cacao, mạch nha, dầu tinh luyện, hạt sen, trứng vịt muối, chất bảo quản (E202), chất tạo xốp (E500(ii)), hương (vani, sô cô la) tổng hợp.</p>
<p>&#8211; Đóng gói: 180 gam/gói &#8211; 04 gói/hộp &#8211; 720 gam/hộp.</p>
<p>&#8211; Hướng dẫn sử dụng:</p>
<ul>
<li>Dùng trực tiếp.</li>
<li>Ăn thay cho bữa sáng hoặc bữa xế và có thể ăn kèm: như sữa, sữa chua, phô mai,&#8230;</li>
</ul>
<p>&#8211; Hướng dẫn bảo quản: Bảo quản hoặc trưng bày ở nơi khô ráo, thoáng mát.</p>
]]></content:encoded>
					
					<wfw:commentRss>http://https://github.com/nhatphi1515/nhatphi1515.github.io.git/san-pham/banh-cao-cap-thu-nguyet/feed/</wfw:commentRss>
			<slash:comments>0</slash:comments>
		
		
			</item>
		<item>
		<title>Bánh Cao Cấp ÁNH NGUYỆT</title>
		<link>http://https://github.com/nhatphi1515/nhatphi1515.github.io.git/san-pham/banh-cao-cap-anh-nguyet/</link>
					<comments>http://https://github.com/nhatphi1515/nhatphi1515.github.io.git/san-pham/banh-cao-cap-anh-nguyet/#comments</comments>
		
		<dc:creator><![CDATA[admin]]></dc:creator>
		<pubDate>Tue, 02 Nov 2021 07:12:53 +0000</pubDate>
				<guid isPermaLink="false">http://https://github.com/nhatphi1515/nhatphi1515.github.io.git/?post_type=product&#038;p=1709</guid>

					<description><![CDATA[<h3>- Bánh cao cấp Ánh Nguyệt 480 gam mang trọn tình yêu thiên nhiên, được lấy cảm hứng từ vườn hoa dưới ánh trăng. Với 6 vị bánh mang mỗi nét đẹp riêng, bánh Ánh Nguyệt trọn vị yêu thương.</h3>
<h3>- Xuất xứ: Bibica (Việt Nam)</h3>]]></description>
										<content:encoded><![CDATA[<p>Mô tả cụ thể:</p>
<p>Ánh Nguyệt lấy cảm hứng từ vườn hoa dưới ánh trăng làm chủ đề chính. Những chiếc bánh như những bông hoa tỏa hương rực rỡ trong vườn được ánh trăng soi chiếu tạo nên vẻ đẹp lấp lánh làm khu vườn bừng sáng một cách diệu kỳ. Bánh cao cấp Ánh Nguyệt 480 gam mang trọn tình yêu thiên nhiên, thích hợp làm quà rất sang trọng.</p>
<p>&nbsp;</p>
<p>&#8211; Mỗi hộp bánh cao cấp “Ánh Nguyệt” gồm có 6 bánh hảo hạng:</p>
<ul>
<li>Mứt dừa-hạt sen</li>
<li>Mứt gừng-hạt sen</li>
<li>Mứt cà rốt-hạt sen</li>
<li>Mứt khoai môn-hạt sen</li>
<li>Mứt củ dền-hạt sen</li>
<li>Mứt củ sen-hạt sen</li>
</ul>
<p>&#8211; Đóng gói: 80 gam/gói &#8211; 06 gói/hộp &#8211; 480 gam/hộp.</p>
<p>&#8211; Hướng dẫn sử dụng:</p>
<ul>
<li>Dùng trực tiếp.</li>
<li>Ăn thay cho bữa sáng hoặc bữa xế và có thể ăn kèm: như sữa, sữa chua, phô mai,&#8230;</li>
</ul>
<p>&#8211; Hướng dẫn bảo quản: Bảo quản hoặc trưng bày ở nơi khô ráo, thoáng mát.</p>
]]></content:encoded>
					
					<wfw:commentRss>http://https://github.com/nhatphi1515/nhatphi1515.github.io.git/san-pham/banh-cao-cap-anh-nguyet/feed/</wfw:commentRss>
			<slash:comments>1</slash:comments>
		
		
			</item>
	</channel>
</rss>
