<?xml version="1.0" encoding="UTF-8"?><rss version="2.0"
	xmlns:content="http://purl.org/rss/1.0/modules/content/"
	xmlns:wfw="http://wellformedweb.org/CommentAPI/"
	xmlns:dc="http://purl.org/dc/elements/1.1/"
	xmlns:atom="http://www.w3.org/2005/Atom"
	xmlns:sy="http://purl.org/rss/1.0/modules/syndication/"
	xmlns:slash="http://purl.org/rss/1.0/modules/slash/"
	>

<channel>
	<title>680 &#8211; Bibica</title>
	<atom:link href="http://https://github.com/nhatphi1515/nhatphi1515.github.io.git/trong-luong/680/feed/" rel="self" type="application/rss+xml" />
	<link>http://https://github.com/nhatphi1515/nhatphi1515.github.io.git</link>
	<description></description>
	<lastBuildDate>Tue, 07 Dec 2021 03:37:15 +0000</lastBuildDate>
	<language>vi</language>
	<sy:updatePeriod>
	hourly	</sy:updatePeriod>
	<sy:updateFrequency>
	1	</sy:updateFrequency>
	<generator>https://wordpress.org/?v=5.8.2</generator>
	<item>
		<title>Bánh Cao Cấp NHẬT NGUYỆT</title>
		<link>http://https://github.com/nhatphi1515/nhatphi1515.github.io.git/san-pham/banh-cao-cap-nhat-nguyet/</link>
					<comments>http://https://github.com/nhatphi1515/nhatphi1515.github.io.git/san-pham/banh-cao-cap-nhat-nguyet/#respond</comments>
		
		<dc:creator><![CDATA[admin]]></dc:creator>
		<pubDate>Tue, 02 Nov 2021 07:20:31 +0000</pubDate>
				<guid isPermaLink="false">http://https://github.com/nhatphi1515/nhatphi1515.github.io.git/?post_type=product&#038;p=1726</guid>

					<description><![CDATA[<h3>- Bánh cao cấp Nhật Nguyệt như ánh trăng soi sáng, mang lại sự bình yên và êm ả cho đêm Trung thu trọn vẹn và đầm ấm bên gia đình.yêu thương. Với 6 vị bánh mới lạ, Nhật Nguyệt mang đến cảm giác ngon miệng, đầm ấm.</h3>
<h3>- Xuất xứ: Bibica (Việt Nam)</h3>]]></description>
										<content:encoded><![CDATA[<p>Mô tả cụ thể:</p>
<h3>Bánh cao cấp Nhật Nguyệt như ánh trăng soi sáng, mang lại sự bình yên và êm ả cho đêm Trung thu trọn vẹn và đầm ấm bên gia đình.yêu thương. Với 6 vị bánh mới lạ, Nhật Nguyệt mang đến cảm giác ngon miệng, đầm ấm.</h3>
<p>&nbsp;</p>
<p>&#8211; Mỗi hộp bánh cao cấp “Nhật Nguyệt” gồm có 6 bánh hảo hạng:</p>
<ul>
<li>Gà Quay Vi Cá</li>
<li>Hải sâm hảo hạng</li>
<li>Gà Đông tảo quay</li>
<li>Jambon Bát bửu</li>
<li>Vi cá Hải sâm</li>
<li>Tôm Wasabi</li>
</ul>
<p>&#8211; Đóng gói: 80 gam/gói &#8211; 06 gói/hộp &#8211; 480 gam/hộp.</p>
<p>&#8211; Hướng dẫn sử dụng:</p>
<ul>
<li>Dùng trực tiếp.</li>
<li>Ăn thay cho bữa sáng hoặc bữa xế và có thể ăn kèm: như sữa, sữa chua, phô mai,&#8230;</li>
</ul>
<p>&#8211; Hướng dẫn bảo quản: Bảo quản hoặc trưng bày ở nơi khô ráo, thoáng mát.</p>
]]></content:encoded>
					
					<wfw:commentRss>http://https://github.com/nhatphi1515/nhatphi1515.github.io.git/san-pham/banh-cao-cap-nhat-nguyet/feed/</wfw:commentRss>
			<slash:comments>0</slash:comments>
		
		
			</item>
		<item>
		<title>Bánh cao cấp THU NGUYỆT</title>
		<link>http://https://github.com/nhatphi1515/nhatphi1515.github.io.git/san-pham/banh-cao-cap-thu-nguyet/</link>
					<comments>http://https://github.com/nhatphi1515/nhatphi1515.github.io.git/san-pham/banh-cao-cap-thu-nguyet/#respond</comments>
		
		<dc:creator><![CDATA[admin]]></dc:creator>
		<pubDate>Tue, 02 Nov 2021 07:15:30 +0000</pubDate>
				<guid isPermaLink="false">http://https://github.com/nhatphi1515/nhatphi1515.github.io.git/?post_type=product&#038;p=1718</guid>

					<description><![CDATA[- Bánh cao cấp Thu Nguyệt 720 lấy cảm hứng từ bầu trời đêm sao, có trăng tròn tỏa sáng giữa mùa thu. Với 4 vị bánh hảo hạng mang mỗi nét riêng, bánh Thu Nguyệt  trọn vị đêm trăng rằm.

- Xuất xứ: Bibica (Việt Nam)]]></description>
										<content:encoded><![CDATA[<p>Mô tả cụ thể:</p>
<p>Thu Nguyệt lấy cảm hứng từ bầu trời đêm đầy sao, một vầng sáng tròn vành vạnh như đổ khuôn, ánh trăng mùa thu như mật vàng, ngọt lịm tuôn tràn xuống mọi ngõ ngách khiến từng lá cây, ngọn cỏ đều sáng lung linh, bình thản ngồi lại bên nhau cùng Thu Nguyệt, ngắm trăng trong đêm yên tĩnh mới thấy lạ làm sao, trăng như tròn hơn, sáng hơn, thanh cao hơn. Kiểu dáng đóng gói đa dạng: Thu Cúc, Tango trọng vị đêm trăng rằm.</p>
<p>&nbsp;</p>
<p>&#8211; Mỗi hộp bánh cao cấp “Thu Nguyệt” gồm có 4 bánh hảo hạng:</p>
<ul>
<li>Hải sâm hảo hạng</li>
<li>Gà Đông tảo quay</li>
<li>Đậu xanh &#8211; Hạnh nhân</li>
<li>Hạt sen &#8211; Cranberry</li>
</ul>
<p>&#8211; Thành phần Bánh trung thu nhân Hải sâm hảo hạng:</p>
<p>Bột mì, mạch nha, 3.6%hải sâm, trứng vịt muối, mứt bí, mứt chanh, mứt gừng, lá chanh, mỡ heo, lạp xưởng, jambon, dầu tinh luyện, bột nếp, hạt mè, hạt điều, hạt dưa, dầu mè đen, muối I-ốt, chất bảo quản (E202), chất tạo xốp (E500(ii)), hương (thịt nướng, vani) tổng hợp, màu thực phẩm (E129) tổng hợp.</p>
<p>&#8211; Thành phần Bánh trung thu Gà Đông tảo quay:</p>
<p>Bột mì, mạch nha (tinh bột sắn, muối I-ốt, nước), đường, trứng vịt muối, jambon, lạp xưởng, mứt bí, mứt chanh, mứt gừng, lá chanh, bột nếp, dầu olein tinh luyện, 0,9% thịt gà Đông tảo quay, mỡ heo, hạt mè, hạt điều, hạt dưa, dầu mè đen, muối I-ốt, chất bảo quản (E202), chất tạo xốp (E500(ii)), hương (vani, thịt, gà) tổng hợp, phẩm màu tổng hợp(E129).</p>
<p>&#8211; Thành phần Bánh trung thu Đậu xanh Tảo Spirulina:</p>
<p>Bột mì, đường,  mạch nha (tinh bột sắn, muối I-ốt, nước), 20% Đậu xanh, trứng vịt muối,  dầu olein tinh luyện, 0.5%  tảo Spirulina, muối I-ốt, chất giữ ẩm (glycerol), chất tạo ngọt tổng hợp(sorbitol), hương (đậu xanh, vani) tổng hợp, chất bảo quản (E202, E200).</p>
<p>&#8211; Thành phần Bánh trung thu Sôcôla &#8211; Hạnh nhân:</p>
<p>Bột mì, 4,3% hạnh nhân, 1,2% bột cacao, mạch nha, dầu tinh luyện, hạt sen, trứng vịt muối, chất bảo quản (E202), chất tạo xốp (E500(ii)), hương (vani, sô cô la) tổng hợp.</p>
<p>&#8211; Đóng gói: 180 gam/gói &#8211; 04 gói/hộp &#8211; 720 gam/hộp.</p>
<p>&#8211; Hướng dẫn sử dụng:</p>
<ul>
<li>Dùng trực tiếp.</li>
<li>Ăn thay cho bữa sáng hoặc bữa xế và có thể ăn kèm: như sữa, sữa chua, phô mai,&#8230;</li>
</ul>
<p>&#8211; Hướng dẫn bảo quản: Bảo quản hoặc trưng bày ở nơi khô ráo, thoáng mát.</p>
]]></content:encoded>
					
					<wfw:commentRss>http://https://github.com/nhatphi1515/nhatphi1515.github.io.git/san-pham/banh-cao-cap-thu-nguyet/feed/</wfw:commentRss>
			<slash:comments>0</slash:comments>
		
		
			</item>
		<item>
		<title>Bánh Cao Cấp ÁNH NGUYỆT</title>
		<link>http://https://github.com/nhatphi1515/nhatphi1515.github.io.git/san-pham/banh-cao-cap-anh-nguyet/</link>
					<comments>http://https://github.com/nhatphi1515/nhatphi1515.github.io.git/san-pham/banh-cao-cap-anh-nguyet/#comments</comments>
		
		<dc:creator><![CDATA[admin]]></dc:creator>
		<pubDate>Tue, 02 Nov 2021 07:12:53 +0000</pubDate>
				<guid isPermaLink="false">http://https://github.com/nhatphi1515/nhatphi1515.github.io.git/?post_type=product&#038;p=1709</guid>

					<description><![CDATA[<h3>- Bánh cao cấp Ánh Nguyệt 480 gam mang trọn tình yêu thiên nhiên, được lấy cảm hứng từ vườn hoa dưới ánh trăng. Với 6 vị bánh mang mỗi nét đẹp riêng, bánh Ánh Nguyệt trọn vị yêu thương.</h3>
<h3>- Xuất xứ: Bibica (Việt Nam)</h3>]]></description>
										<content:encoded><![CDATA[<p>Mô tả cụ thể:</p>
<p>Ánh Nguyệt lấy cảm hứng từ vườn hoa dưới ánh trăng làm chủ đề chính. Những chiếc bánh như những bông hoa tỏa hương rực rỡ trong vườn được ánh trăng soi chiếu tạo nên vẻ đẹp lấp lánh làm khu vườn bừng sáng một cách diệu kỳ. Bánh cao cấp Ánh Nguyệt 480 gam mang trọn tình yêu thiên nhiên, thích hợp làm quà rất sang trọng.</p>
<p>&nbsp;</p>
<p>&#8211; Mỗi hộp bánh cao cấp “Ánh Nguyệt” gồm có 6 bánh hảo hạng:</p>
<ul>
<li>Mứt dừa-hạt sen</li>
<li>Mứt gừng-hạt sen</li>
<li>Mứt cà rốt-hạt sen</li>
<li>Mứt khoai môn-hạt sen</li>
<li>Mứt củ dền-hạt sen</li>
<li>Mứt củ sen-hạt sen</li>
</ul>
<p>&#8211; Đóng gói: 80 gam/gói &#8211; 06 gói/hộp &#8211; 480 gam/hộp.</p>
<p>&#8211; Hướng dẫn sử dụng:</p>
<ul>
<li>Dùng trực tiếp.</li>
<li>Ăn thay cho bữa sáng hoặc bữa xế và có thể ăn kèm: như sữa, sữa chua, phô mai,&#8230;</li>
</ul>
<p>&#8211; Hướng dẫn bảo quản: Bảo quản hoặc trưng bày ở nơi khô ráo, thoáng mát.</p>
]]></content:encoded>
					
					<wfw:commentRss>http://https://github.com/nhatphi1515/nhatphi1515.github.io.git/san-pham/banh-cao-cap-anh-nguyet/feed/</wfw:commentRss>
			<slash:comments>1</slash:comments>
		
		
			</item>
		<item>
		<title>Bánh hỗn hợp hộp thiếc Goody</title>
		<link>http://https://github.com/nhatphi1515/nhatphi1515.github.io.git/san-pham/banh-hon-hop-hop-thiec-goody/</link>
					<comments>http://https://github.com/nhatphi1515/nhatphi1515.github.io.git/san-pham/banh-hon-hop-hop-thiec-goody/#respond</comments>
		
		<dc:creator><![CDATA[admin]]></dc:creator>
		<pubDate>Tue, 02 Nov 2021 06:59:25 +0000</pubDate>
				<guid isPermaLink="false">http://https://github.com/nhatphi1515/nhatphi1515.github.io.git/?post_type=product&#038;p=1679</guid>

					<description><![CDATA[<h3>- Bộ sản phẩm cao cấp Goody, với dòng Cookies hiện đại với hương vị thơm ngon đặc trưng của từng sản phẩm, hoà quyện cùng vị thơm của bơ và sữa, có vị giòn tan của những hạt sôcôla, hạt điều và vị mới lạ của bánh quy trà xanh.</h3>
<h3>- Thương hiệu: Goody</h3>
<h3>- Xuất xứ: Bibica (Việt Nam)</h3>]]></description>
										<content:encoded><![CDATA[<p>Mô tả cụ thể:</p>
<h3>Bộ sản phẩm cao cấp Goody, với dòng Cookies hiện đại đã được người làm bánh trao chuốt kỹ lưỡng từng chiếc bánh. Từ khâu lựa chọn nguyên liệu tốt nhất, cho đến những hương vị thơm ngon đặc trưng của từng sản phẩm, hoà quyện cùng vị thơm của bơ và sữa, có vị giòn tan của những hạt sôcôla, hạt điều và vị mới lạ của bánh quy trà xanh.</h3>
<p>Sự vượt trội của bộ sản phẩm Goody còn thể hiện qua thiết kế bao bì cực kỳ độc đáo, với những hoạ tiết hoa văn được dập nổi rất tinh tế và ấn tượng đã tạo ra dòng sản phẩm sang trọng, đẳng cấp, góp phần làm cho món quà Xuân của bạn thêm sinh động và ý nghĩa hơn.</p>
<p>&#8211; Thành phần: Bột mì, đường, bơ, chất béo thực vật (dầu), trứng (gà), đạm đậu nành, sữa bột, muối, chất tạo xốp (E500(ii), E503(ii)), 2% dừa sấy, 0,3% bột trà xanh, 0,3% nho khô, 0,3% sô cô la hạt, 0,3% hạt điều, hương (trà xanh, dừa, sữa, vani) tổng hợp, màu tự nhiên (E141(ii)), màu thực phẩm tổng hợp (E160a(i)).</p>
<p>&#8211; Hương vị: Bánh hỗn hợp Goody với 3 hương vị: vị bơ sữa, vị socola, vị trà xanh thơm ngon, hấp dẫn.</p>
<p>&#8211; Đóng gói: Hộp thiếc 450g</p>
<p>&#8211; Hướng dẫn sử dụng:</p>
<ul>
<li>Dùng trực tiếp.</li>
<li>Ăn thay cho bữa sáng hoặc bữa xế và có thể ăn kèm: như sữa, sữa chua, phô mai,&#8230;</li>
</ul>
<p>&#8211; Hướng dẫn bảo quản: Bảo quản hoặc trưng bày ở nơi khô ráo, thoáng mát</p>
]]></content:encoded>
					
					<wfw:commentRss>http://https://github.com/nhatphi1515/nhatphi1515.github.io.git/san-pham/banh-hon-hop-hop-thiec-goody/feed/</wfw:commentRss>
			<slash:comments>0</slash:comments>
		
		
			</item>
	</channel>
</rss>
