<?xml version="1.0" encoding="UTF-8"?><rss version="2.0"
	xmlns:content="http://purl.org/rss/1.0/modules/content/"
	xmlns:wfw="http://wellformedweb.org/CommentAPI/"
	xmlns:dc="http://purl.org/dc/elements/1.1/"
	xmlns:atom="http://www.w3.org/2005/Atom"
	xmlns:sy="http://purl.org/rss/1.0/modules/syndication/"
	xmlns:slash="http://purl.org/rss/1.0/modules/slash/"
	>

<channel>
	<title>Bánh sponge cake &#8211; Bibica</title>
	<atom:link href="http://https://github.com/nhatphi1515/nhatphi1515.github.io.git/danh-muc-san-pham/banh/banh-sponge-cake/feed/" rel="self" type="application/rss+xml" />
	<link>http://https://github.com/nhatphi1515/nhatphi1515.github.io.git</link>
	<description></description>
	<lastBuildDate>Mon, 06 Dec 2021 14:07:01 +0000</lastBuildDate>
	<language>vi</language>
	<sy:updatePeriod>
	hourly	</sy:updatePeriod>
	<sy:updateFrequency>
	1	</sy:updateFrequency>
	<generator>https://wordpress.org/?v=5.8.2</generator>
	<item>
		<title>Bánh Hura Deli hương Bơ &#8211; Sữa</title>
		<link>http://https://github.com/nhatphi1515/nhatphi1515.github.io.git/san-pham/banh-hura-deli-huong-bo-sua/</link>
					<comments>http://https://github.com/nhatphi1515/nhatphi1515.github.io.git/san-pham/banh-hura-deli-huong-bo-sua/#respond</comments>
		
		<dc:creator><![CDATA[admin]]></dc:creator>
		<pubDate>Tue, 02 Nov 2021 07:09:54 +0000</pubDate>
				<guid isPermaLink="false">http://https://github.com/nhatphi1515/nhatphi1515.github.io.git/?post_type=product&#038;p=1707</guid>

					<description><![CDATA[<h3>- Bánh Hura Deli Hương Bơ - Sữa với lớp bông lan bên ngoài xốp, phồng dai ngon không bị cứng bánh. Hòa quyện trong lớp kem vị bơ sữa ngọt thanh, béo ngậy.</h3>
<h3>- Thương hiệu: Deli</h3>
<h3>- Xuất xứ: Bibica (Việt Nam)</h3>]]></description>
										<content:encoded><![CDATA[<p>Mô tả cụ thể:</p>
<p>Bánh Hura Deli Hương Bơ Sữa với lớp bông lan bên ngoài xốp, phồng dai ngon không bị cứng bánh. Bánh bông lan hương cốm Hura Deli hộp 168g (6 cái) còn có lớp kem vị sữa ngọt thanh, béo ngậy cuộn bên trong hấp dẫn. Bánh bông lan Hura chất lượng, thích hợp làm quà hoặc ăn vặt gia đình.</p>
<p>&#8211; Thành phần: Bột mì, đường, trứng, chất béo thực vật (shortening, dầu olein tinh luyện), mạch nha, bơ, sữa bột, chất giữ ẩm (E422, E420(i)), chất nhũ hóa (E471), nước, tinh bột bắp, chất tạo xốp (E500(ii), E503(ii)), muối, sô-cô-la compound trắng, hương (cốm, bơ, vani) tổng hợp, chất bảo quản (E202), chất làm dày (E415), chất điều chỉnh độ axit (E330), phẩm màu tổng hợp (E160a(i), E129).</p>
<p>&#8211; Năng lượng:</p>
<ul>
<li>356 &#8211; 650,8 kcal</li>
<li>Chất béo: 24 &#8211; 44 g</li>
<li>Carbohydrate: 31,5 &#8211; 57,5 g</li>
<li>Protein : 3,5 &#8211; 6,2 g</li>
</ul>
<p>&#8211; Hương vị:Bánh Hura Deli vị bơ sữa thơm ngon, hấp dẫn.</p>
<p>&#8211; Đóng gói: 28 gam/gói &#8211; 06 gói/hộp &#8211; 168 gam/hộp &#8211; 10 hộp/thùng</p>
<p>&#8211; Hướng dẫn sử dụng:</p>
<ul>
<li>Dùng trực tiếp.</li>
<li>Ăn thay cho bữa sáng hoặc bữa xế và có thể ăn kèm: như sữa, sữa chua, phô mai,&#8230;</li>
</ul>
<p>&#8211; Hướng dẫn bảo quản: Bảo quản hoặc trưng bày ở nơi khô ráo, thoáng mát.</p>
]]></content:encoded>
					
					<wfw:commentRss>http://https://github.com/nhatphi1515/nhatphi1515.github.io.git/san-pham/banh-hura-deli-huong-bo-sua/feed/</wfw:commentRss>
			<slash:comments>0</slash:comments>
		
		
			</item>
		<item>
		<title>Bánh Hura Deli hương Cốm &#8211; Dừa</title>
		<link>http://https://github.com/nhatphi1515/nhatphi1515.github.io.git/san-pham/banh-hura-deli-huong-com-dua/</link>
					<comments>http://https://github.com/nhatphi1515/nhatphi1515.github.io.git/san-pham/banh-hura-deli-huong-com-dua/#respond</comments>
		
		<dc:creator><![CDATA[admin]]></dc:creator>
		<pubDate>Tue, 02 Nov 2021 07:08:36 +0000</pubDate>
				<guid isPermaLink="false">http://https://github.com/nhatphi1515/nhatphi1515.github.io.git/?post_type=product&#038;p=1702</guid>

					<description><![CDATA[<h3>- Bánh Hura Deli Hương Cốm với lớp bông lan bên ngoài xốp, phồng dai ngon không bị cứng bánh. Hòa quyện trong lớp kem hương cốm ngọt thanh, béo ngậy.</h3>
<h3>- Thương hiệu: Deli</h3>
<h3>- Xuất xứ: Bibica (Việt Nam)</h3>]]></description>
										<content:encoded><![CDATA[<p>Mô tả cụ thể:</p>
<p>Bánh Hura Deli Hương Cốm với lớp bông lan bên ngoài xốp, phồng dai ngon không bị cứng bánh. Bánh bông lan hương cốm Hura Deli hộp 168g (6 cái) còn có lớp kem hương cốm ngọt thanh, béo ngậy cuộn bên trong hấp dẫn. Bánh bông lan Hura chất lượng, thích hợp làm quà hoặc ăn vặt gia đình.</p>
<p>&#8211; Thành phần: Bột mì, đường, trứng, chất béo thực vật (shortening, dầu olein tinh luyện), mạch nha, bơ, sữa bột, chất giữ ẩm (E422, E420(i)), chất nhũ hóa (E471), nước, tinh bột bắp, chất tạo xốp (E500(ii), E503(ii)), muối, sô-cô-la compound trắng, hương (cốm, bơ, vani) tổng hợp, chất bảo quản (E202), chất làm dày (E415), chất điều chỉnh độ axit (E330), phẩm màu tổng hợp (E160a(i), E129).</p>
<p>&#8211; Năng lượng:</p>
<ul>
<li>356 &#8211; 650,8 kcal</li>
<li>Chất béo: 24 &#8211; 44 g</li>
<li>Carbohydrate: 31,5 &#8211; 57,5 g</li>
<li>Protein : 3,5 &#8211; 6,2 g</li>
</ul>
<p>&#8211; Hương vị:Bánh Hura Deli với hương cốm thơm ngon, hấp dẫn.</p>
<p>&#8211; Đóng gói: 28 gam/gói &#8211; 06 gói/hộp &#8211; 168 gam/hộp &#8211; 10 hộp/thùng</p>
<p>&#8211; Hướng dẫn sử dụng:</p>
<ul>
<li>Dùng trực tiếp.</li>
<li>Ăn thay cho bữa sáng hoặc bữa xế và có thể ăn kèm: như sữa, sữa chua, phô mai,&#8230;</li>
</ul>
<p>&#8211; Hướng dẫn bảo quản: Bảo quản hoặc trưng bày ở nơi khô ráo, thoáng mát.</p>
]]></content:encoded>
					
					<wfw:commentRss>http://https://github.com/nhatphi1515/nhatphi1515.github.io.git/san-pham/banh-hura-deli-huong-com-dua/feed/</wfw:commentRss>
			<slash:comments>0</slash:comments>
		
		
			</item>
		<item>
		<title>Bánh Hura Deli hương Sữa</title>
		<link>http://https://github.com/nhatphi1515/nhatphi1515.github.io.git/san-pham/banh-hura-deli-huong-sua/</link>
					<comments>http://https://github.com/nhatphi1515/nhatphi1515.github.io.git/san-pham/banh-hura-deli-huong-sua/#respond</comments>
		
		<dc:creator><![CDATA[admin]]></dc:creator>
		<pubDate>Tue, 02 Nov 2021 07:06:35 +0000</pubDate>
				<guid isPermaLink="false">http://https://github.com/nhatphi1515/nhatphi1515.github.io.git/?post_type=product&#038;p=1700</guid>

					<description><![CDATA[<h3>- Bánh Hura Deli Hương Sữa - Dâu với lớp bông lan bên ngoài xốp, phồng dai ngon không bị cứng bánh. Hòa quyện trong lớp kem hương dâu ngọt thanh, béo ngậy.</h3>
<h3>- Thương hiệu: Deli</h3>
<h3>- Xuất xứ: Bibica (Việt Nam)</h3>
- Trọng lượng: 168 gam/hộp.

- Kích thước (cm): 41.5 x 28 x 25.5]]></description>
										<content:encoded><![CDATA[<p>Mô tả cụ thể:</p>
<p>Bánh Hura Deli Hương Sữa &#8211; Dâu với lớp bông lan bên ngoài xốp, phồng dai ngon không bị cứng bánh. Bánh bông lan hương sữa dâu Hura Deli hộp 168g (6 cái) còn có lớp kem hương dâu ngọt thanh, béo ngậy cuộn bên trong hấp dẫn. Bánh bông lan Hura chất lượng, thích hợp làm quà hoặc ăn vặt gia đình.</p>
<p>&#8211; Thành phần: Bột mì, đường, trứng, chất béo thực vật (shortening, dầu olein tinh luyện), mạch nha, bơ, sữa bột, chất giữ ẩm (E422, E420(i)), chất nhũ hóa (E471), nước, tinh bột bắp, chất tạo xốp (E500(ii), E503(ii)), muối, sô-cô-la compound trắng, hương (sữa, dâu, bơ, vani) tổng hợp, chất bảo quản (E202), chất làm dày (E415), chất điều chỉnh độ axit (E330), phẩm màu tổng hợp (E160a(i), E129).</p>
<p>&#8211; Năng lượng:</p>
<ul>
<li>356 &#8211; 650,8 kcal</li>
<li>Chất béo: 24 &#8211; 44 g</li>
<li>Carbohydrate: 31,5 &#8211; 57,5 g</li>
<li>Protein : 3,5 &#8211; 6,2 g</li>
</ul>
<p>&#8211; Hương vị:Bánh Hura Deli với hương sữa dâu, thơm ngon, hấp dẫn.</p>
<p>&#8211; Đóng gói: 28 gam/gói &#8211; 06 gói/hộp &#8211; 168 gam/hộp &#8211; 10 hộp/thùng</p>
<p>&#8211; Hướng dẫn sử dụng:</p>
<ul>
<li>Dùng trực tiếp.</li>
<li>Ăn thay cho bữa sáng hoặc bữa xế và có thể ăn kèm: như sữa, sữa chua, phô mai,&#8230;</li>
</ul>
<p>&#8211; Hướng dẫn bảo quản: Bảo quản hoặc trưng bày ở nơi khô ráo, thoáng mát.</p>
<p>&nbsp;</p>
]]></content:encoded>
					
					<wfw:commentRss>http://https://github.com/nhatphi1515/nhatphi1515.github.io.git/san-pham/banh-hura-deli-huong-sua/feed/</wfw:commentRss>
			<slash:comments>0</slash:comments>
		
		
			</item>
	</channel>
</rss>
