<?xml version="1.0" encoding="UTF-8"?><rss version="2.0"
	xmlns:content="http://purl.org/rss/1.0/modules/content/"
	xmlns:wfw="http://wellformedweb.org/CommentAPI/"
	xmlns:dc="http://purl.org/dc/elements/1.1/"
	xmlns:atom="http://www.w3.org/2005/Atom"
	xmlns:sy="http://purl.org/rss/1.0/modules/syndication/"
	xmlns:slash="http://purl.org/rss/1.0/modules/slash/"
	>

<channel>
	<title>180g &#8211; Bibica</title>
	<atom:link href="http://https://github.com/nhatphi1515/nhatphi1515.github.io.git/trong-luong/180/feed/" rel="self" type="application/rss+xml" />
	<link>http://https://github.com/nhatphi1515/nhatphi1515.github.io.git</link>
	<description></description>
	<lastBuildDate>Tue, 07 Dec 2021 03:37:15 +0000</lastBuildDate>
	<language>vi</language>
	<sy:updatePeriod>
	hourly	</sy:updatePeriod>
	<sy:updateFrequency>
	1	</sy:updateFrequency>
	<generator>https://wordpress.org/?v=5.8.2</generator>
	<item>
		<title>Bánh kem xốp Cà Phê muối Roppy</title>
		<link>http://https://github.com/nhatphi1515/nhatphi1515.github.io.git/san-pham/banh-kem-xop-ca-phe-muoi-roppy/</link>
					<comments>http://https://github.com/nhatphi1515/nhatphi1515.github.io.git/san-pham/banh-kem-xop-ca-phe-muoi-roppy/#respond</comments>
		
		<dc:creator><![CDATA[admin]]></dc:creator>
		<pubDate>Tue, 02 Nov 2021 07:26:37 +0000</pubDate>
				<guid isPermaLink="false">http://https://github.com/nhatphi1515/nhatphi1515.github.io.git/?post_type=product&#038;p=1742</guid>

					<description><![CDATA[Mô tả cụ thể:
<h3>Bánh Kem Xốp Cà Phê Muối Roppy 504 gam được làm từ Bột nếp, bột cà phê tạo nên một món bánh hòa quyện những hương vị thơm ngon và mới lạ.</h3>
<h3>Sản phẩm thích hợp làm thức ăn vặt, tiện lợi khi mang theo đi làm, đi chơi. Sản xuất trên dây chuyền thiết bị hiện đại của Châu Âu. Đạt tiêu chuẩn HACCP, đảm bảo các chỉ tiêu về vệ sinh an toàn thực phẩm.</h3>
- Thành phần:  Bột mì, đường, chất béo thực vật (shortening, dầu tinh luyện), sữa bột (4%), bột biến tính, 0.6% muối, 0.2% bột cà phê, chất nhũ hóa (322i) , màu caramel nhóm I (150a), chất tạo xốp (503ii, 500ii), hương tổng hợp (cà phê, vani).

- Chỉ tiêu chất lượng chủ yếu:

Năng lượng : 374 ÷ 703 kcal Chất béo: 20.6 ÷ 40.1 g

Carbohydrate: 41.1 ÷ 79 g Protein : 4.75 ÷ 9.4 g

&#160;

- Hương vị:  Bánh kem xốp Cà Phê muối Roppy 504 gam có hương cà phê và vị mặn nhẹ và béo béo của muối và kem sữa thanh nhẹ, mang đến cho bạn món bánh trọng vị, hấp dẫn và giòn tan.

- Khối lượng: 180 gam/hộp

- Hướng dẫn sử dụng:
<ul>
 	<li>Dùng trực tiếp.</li>
 	<li>Ngon hơn khi ăn cùng sữa tươi.</li>
 	<li>Ăn thay cho bữa sáng hoặc bữa xế và tráng miệng.</li>
</ul>
&#160;

- Hướng dẫn bảo quản: Bảo quản hoặc trưng bày ở nơi khô ráo, thoáng mát.]]></description>
										<content:encoded><![CDATA[<p>Mô tả cụ thể:</p>
<h3>Bánh Kem Xốp Cà Phê Muối Roppy 504 gam được làm từ Bột nếp, bột cà phê tạo nên một món bánh hòa quyện những hương vị thơm ngon và mới lạ.</h3>
<h3>Sản phẩm thích hợp làm thức ăn vặt, tiện lợi khi mang theo đi làm, đi chơi. Sản xuất trên dây chuyền thiết bị hiện đại của Châu Âu. Đạt tiêu chuẩn HACCP, đảm bảo các chỉ tiêu về vệ sinh an toàn thực phẩm.</h3>
<p>&#8211; Thành phần:  Bột mì, đường, chất béo thực vật (shortening, dầu tinh luyện), sữa bột (4%), bột biến tính, 0.6% muối, 0.2% bột cà phê, chất nhũ hóa (322i) , màu caramel nhóm I (150a), chất tạo xốp (503ii, 500ii), hương tổng hợp (cà phê, vani).</p>
<p>&#8211; Chỉ tiêu chất lượng chủ yếu:</p>
<p>Năng lượng : 374 ÷ 703 kcal Chất béo: 20.6 ÷ 40.1 g</p>
<p>Carbohydrate: 41.1 ÷ 79 g Protein : 4.75 ÷ 9.4 g</p>
<p>&nbsp;</p>
<p>&#8211; Hương vị:  Bánh kem xốp Cà Phê muối Roppy 504 gam có hương cà phê và vị mặn nhẹ và béo béo của muối và kem sữa thanh nhẹ, mang đến cho bạn món bánh trọng vị, hấp dẫn và giòn tan.</p>
<p>&#8211; Khối lượng: 180 gam/hộp</p>
<p>&#8211; Hướng dẫn sử dụng:</p>
<ul>
<li>Dùng trực tiếp.</li>
<li>Ngon hơn khi ăn cùng sữa tươi.</li>
<li>Ăn thay cho bữa sáng hoặc bữa xế và tráng miệng.</li>
</ul>
<p>&nbsp;</p>
<p>&#8211; Hướng dẫn bảo quản: Bảo quản hoặc trưng bày ở nơi khô ráo, thoáng mát.</p>
]]></content:encoded>
					
					<wfw:commentRss>http://https://github.com/nhatphi1515/nhatphi1515.github.io.git/san-pham/banh-kem-xop-ca-phe-muoi-roppy/feed/</wfw:commentRss>
			<slash:comments>0</slash:comments>
		
		
			</item>
		<item>
		<title>Bánh Hura Deli hương Cốm &#8211; Dừa</title>
		<link>http://https://github.com/nhatphi1515/nhatphi1515.github.io.git/san-pham/banh-hura-deli-huong-com-dua/</link>
					<comments>http://https://github.com/nhatphi1515/nhatphi1515.github.io.git/san-pham/banh-hura-deli-huong-com-dua/#respond</comments>
		
		<dc:creator><![CDATA[admin]]></dc:creator>
		<pubDate>Tue, 02 Nov 2021 07:08:36 +0000</pubDate>
				<guid isPermaLink="false">http://https://github.com/nhatphi1515/nhatphi1515.github.io.git/?post_type=product&#038;p=1702</guid>

					<description><![CDATA[<h3>- Bánh Hura Deli Hương Cốm với lớp bông lan bên ngoài xốp, phồng dai ngon không bị cứng bánh. Hòa quyện trong lớp kem hương cốm ngọt thanh, béo ngậy.</h3>
<h3>- Thương hiệu: Deli</h3>
<h3>- Xuất xứ: Bibica (Việt Nam)</h3>]]></description>
										<content:encoded><![CDATA[<p>Mô tả cụ thể:</p>
<p>Bánh Hura Deli Hương Cốm với lớp bông lan bên ngoài xốp, phồng dai ngon không bị cứng bánh. Bánh bông lan hương cốm Hura Deli hộp 168g (6 cái) còn có lớp kem hương cốm ngọt thanh, béo ngậy cuộn bên trong hấp dẫn. Bánh bông lan Hura chất lượng, thích hợp làm quà hoặc ăn vặt gia đình.</p>
<p>&#8211; Thành phần: Bột mì, đường, trứng, chất béo thực vật (shortening, dầu olein tinh luyện), mạch nha, bơ, sữa bột, chất giữ ẩm (E422, E420(i)), chất nhũ hóa (E471), nước, tinh bột bắp, chất tạo xốp (E500(ii), E503(ii)), muối, sô-cô-la compound trắng, hương (cốm, bơ, vani) tổng hợp, chất bảo quản (E202), chất làm dày (E415), chất điều chỉnh độ axit (E330), phẩm màu tổng hợp (E160a(i), E129).</p>
<p>&#8211; Năng lượng:</p>
<ul>
<li>356 &#8211; 650,8 kcal</li>
<li>Chất béo: 24 &#8211; 44 g</li>
<li>Carbohydrate: 31,5 &#8211; 57,5 g</li>
<li>Protein : 3,5 &#8211; 6,2 g</li>
</ul>
<p>&#8211; Hương vị:Bánh Hura Deli với hương cốm thơm ngon, hấp dẫn.</p>
<p>&#8211; Đóng gói: 28 gam/gói &#8211; 06 gói/hộp &#8211; 168 gam/hộp &#8211; 10 hộp/thùng</p>
<p>&#8211; Hướng dẫn sử dụng:</p>
<ul>
<li>Dùng trực tiếp.</li>
<li>Ăn thay cho bữa sáng hoặc bữa xế và có thể ăn kèm: như sữa, sữa chua, phô mai,&#8230;</li>
</ul>
<p>&#8211; Hướng dẫn bảo quản: Bảo quản hoặc trưng bày ở nơi khô ráo, thoáng mát.</p>
]]></content:encoded>
					
					<wfw:commentRss>http://https://github.com/nhatphi1515/nhatphi1515.github.io.git/san-pham/banh-hura-deli-huong-com-dua/feed/</wfw:commentRss>
			<slash:comments>0</slash:comments>
		
		
			</item>
		<item>
		<title>Bánh Lá Dứa Orienko</title>
		<link>http://https://github.com/nhatphi1515/nhatphi1515.github.io.git/san-pham/banh-la-dua-orienko/</link>
					<comments>http://https://github.com/nhatphi1515/nhatphi1515.github.io.git/san-pham/banh-la-dua-orienko/#respond</comments>
		
		<dc:creator><![CDATA[admin]]></dc:creator>
		<pubDate>Tue, 02 Nov 2021 07:02:33 +0000</pubDate>
				<guid isPermaLink="false">http://https://github.com/nhatphi1515/nhatphi1515.github.io.git/?post_type=product&#038;p=1688</guid>

					<description><![CDATA[<h3>- Bánh Lá Dứa Orienko 216 gam được làm từ các thành phần tự nhiên như: trứng, bột mì, đường, dầu thực vật, bột sữa, mạch nha, chất nhũ hóa,… mang đến hương vị bánh thơm ngon, hấp dẫn.</h3>
<h3>- Thương hiệu: Orienko</h3>
<h3>- Xuất xứ: Bibica (Việt Nam)</h3>]]></description>
										<content:encoded><![CDATA[<p>Mô tả cụ thể:</p>
<p>Bánh Lá Dứa Orienko 216 mang đến hương vị bánh thơm ngon, hấp dẫn. Khi thưởng thức, bạn sẽ được trải nghiệm hương vị tuyệt vời từ lớp bánh xốp mịn, ngọt ngào bên ngoài đến lớp nhân kem thơm lừng bên trong. Thành phần có trong bánh giúp bạn bổ sung các vitamin và khoáng chất cần thiết cho cơ thể mỗi ngày. Bánh Orienko được đóng hộp sẵn với từng gói bánh nhỏ, phù hợp làm đồ ăn vặt mỗi ngày và dễ dàng cho bạn mang theo trong những chuyến du lịch, dã ngoại… chia sẻ cùng bạn bè, người thân hương vị bánh mềm thơm, hấp dẫn.</p>
<p>&#8211; Thành phần: Compound trắng (đường, chất béo thực vật, bột sữa, chất nhũ hóa (E492, E322), hương vani tổng hợp), bột mì, chất béo thực vật (shortening, dầu olein tinh luyện, chất thay thế bơ ca cao), đường, mạch nha, chất giữ ẩm (glycerol, sorbitol), trứng (gà), muối, chất tạo xốp (E500(ii), E503(ii), chất nhũ hóa (E471), chất bảo quản (E202), chất điều chỉnh độ axit (E341(i)), gelatin, 0,04% bột lá dứa, chất làm dày (E415), đạm sữa, hương (lá dứa, sữa) tổng hợp, phẩm màu (E141(ii)).</p>
<p>&#8211; Hương vị: Bánh Lá Dứa Orienko với vị dứa thơm ngon, hấp dẫn</p>
<p>&#8211; Đóng gói: 18 gam/gói &#8211; 12 gói/hộp &#8211; 216 gam/hộp &#8211; 10 hộp/thùng</p>
<p>&#8211; Hướng dẫn sử dụng:</p>
<ul>
<li>Dùng trực tiếp.</li>
<li>Ăn thay cho bữa sáng hoặc bữa xế và có thể ăn kèm: như sữa, sữa chua, phô mai,&#8230;</li>
</ul>
<p>&#8211; Hướng dẫn bảo quản: Bảo quản hoặc trưng bày ở nơi khô ráo, thoáng mát</p>
]]></content:encoded>
					
					<wfw:commentRss>http://https://github.com/nhatphi1515/nhatphi1515.github.io.git/san-pham/banh-la-dua-orienko/feed/</wfw:commentRss>
			<slash:comments>0</slash:comments>
		
		
			</item>
		<item>
		<title>Bánh hỗn hợp hộp thiếc Goody Gold</title>
		<link>http://https://github.com/nhatphi1515/nhatphi1515.github.io.git/san-pham/banh-hon-hop-hop-thiec-goody-gold/</link>
					<comments>http://https://github.com/nhatphi1515/nhatphi1515.github.io.git/san-pham/banh-hon-hop-hop-thiec-goody-gold/#respond</comments>
		
		<dc:creator><![CDATA[admin]]></dc:creator>
		<pubDate>Tue, 02 Nov 2021 06:53:27 +0000</pubDate>
				<guid isPermaLink="false">http://https://github.com/nhatphi1515/nhatphi1515.github.io.git/?post_type=product&#038;p=1670</guid>

					<description><![CDATA[<h3><strong>- Bộ sản phẩm Goody Gold</strong> là sản phẩm bánh Cookies rắc hạt: hạnh nhân, hạt điều và hạt chia. Được thiết kế tinh tế với màu vàng tượng trưng cho sự sang trọng, quý phái.</h3>
<h3>- Thương hiệu: Goody</h3>
<h3>- Xuất xứ: Bibica (Việt Nam)</h3>]]></description>
										<content:encoded><![CDATA[<p>Mô tả cụ thể:</p>
<h3>Bộ sản phẩm Goody Gold là sản phẩm bánh Cookies rắc hạt: hạnh nhân, hạt điều và hạt chia. Được thiết kế tinh tế với màu vàng tượng trưng cho sự sang trọng, quý phái và còn có ý nghĩa mang thịnh vượng đến gia đình. Vẻ ngoài của sắc vàng kết hợp với hoa văn được dập nổi độc đáo mang đến sự hứa hẹn cho một tương lai tốt đẹp, hạnh phúc trọn vẹn trong ngày đầu Xuân.</h3>
<p>&#8211; Thành phần:</p>
<ul>
<li>Bánh Cookies hạt chia: Bột mì, đường, dầu Olein tinh luyện, bơ lạt, 7,5% hạt chia, sữa bột, muối, hương sữa tổng hợp, chất tạo xốp (E500(ii), E503(ii).</li>
<li>Bánh Cookies hạt điều: Bột mì, đường, dầu Olein tinh luyện, bơ lạt, 7,5% hạt điều, sữa bột, muối, hương sữa tổng hợp, chất tạo xốp (E500(ii), E503(ii).</li>
<li>Bánh Cookies hạnh nhân: Bột mì, đường, dầu Olein tinh luyện, bơ lạt, 7,5% hạnh nhân, sữa bột, muối, hương sữa tổng hợp, chất tạo xốp (E500(ii), E503(ii).</li>
</ul>
<p>&#8211; Hương vị: Bánh hỗn hợp Goody Gold với 3 hương vị: vị hạt chia, vị hạt điều, vị hạnh nhân thơm ngon, hấp dẫn.</p>
<p>&#8211; Hướng dẫn sử dụng:</p>
<ul>
<li>Dùng trực tiếp.</li>
<li>Ăn thay cho bữa sáng hoặc bữa xế và có thể ăn kèm: như sữa, sữa chua, phô mai,&#8230;</li>
</ul>
<p>&#8211; Hướng dẫn bảo quản: Bảo quản hoặc trưng bày ở nơi khô ráo, thoáng mát</p>
<p>&nbsp;</p>
]]></content:encoded>
					
					<wfw:commentRss>http://https://github.com/nhatphi1515/nhatphi1515.github.io.git/san-pham/banh-hon-hop-hop-thiec-goody-gold/feed/</wfw:commentRss>
			<slash:comments>0</slash:comments>
		
		
			</item>
		<item>
		<title>Bánh Cookies hộn hợp BON AMI CLASSIC</title>
		<link>http://https://github.com/nhatphi1515/nhatphi1515.github.io.git/san-pham/banh-cookies-hon-hop-bon-ami-classic-2/</link>
					<comments>http://https://github.com/nhatphi1515/nhatphi1515.github.io.git/san-pham/banh-cookies-hon-hop-bon-ami-classic-2/#respond</comments>
		
		<dc:creator><![CDATA[admin]]></dc:creator>
		<pubDate>Tue, 02 Nov 2021 06:43:14 +0000</pubDate>
				<guid isPermaLink="false">http://https://github.com/nhatphi1515/nhatphi1515.github.io.git/?post_type=product&#038;p=1668</guid>

					<description><![CDATA[<h3>- Bánh Cookies hỗn hợp Bon Ami nổi tiếng với chất bánh cookies giòn xốp, với vị bơ thơm béo, vị brownie đăng đắng hấp dẫn và nho khô thơm lừng trên bề mặt.</h3>
<h3>- Thương hiệu: Bon Ami</h3>
<h3>- Xuất xứ: Bibica (Việt Nam)</h3>]]></description>
										<content:encoded><![CDATA[<p>Mô tả cụ thể:</p>
<h3>Bánh Cookies hỗn hợp Bon Ami nổi tiếng với chất bánh cookies giòn xốp, với vị bơ thơm béo, vị brownie đăng đắng hấp dẫn và nho khô thơm lừng trên bề mặt. Sản phẩm được đóng gói trong hộp thiếc, trang trí bằng họa tiết dây ruy băng trên nền xanh sang trọng, thích hợp làm quà tặng.</h3>
<p>&#8211; Thành phần:</p>
<ul>
<li>Bánh cookies Bơ Bon Ami Classic: Bột mì, đường, chất béo thực vật (dầu olein tinh luyện), 11% bơ lạt, sữa bột, muối, chất tạo xốp (E500(ii), E503(ii)), hương tổng hợp (sữa, vani).</li>
<li>Bánh cookies brownie Bon Ami Classic: Bột mì, đương, chất béo thực vật (dầu olein tinh luyện), bơ lạt, 6% sô cô la, 5% bột ca cao, sữa bột, muối, chất tạo xốp (E500(ii), E503(ii)), hương tổng hợp (sữa, vani).</li>
<li>Bánh cookies nho Bon Ami Classic: Bột mì, đường, chất béo thực vật ( dầu olein tinh luyện), 10% bơ lạt, 10% nho khô, sữa bột, muối, chất tạo xốp (E500(ii), E503(ii)), hương tổng hợp (sữa, vani).</li>
</ul>
<p>&#8211; Hương vị: Bánh Cookies hỗn hợp Bon Ami với 3 hương vị: vị bơ sữa, vị cacao, vị nho thơm ngon, hấp dẫn.</p>
<p>&#8211; Đóng gói: Hộp thiếc 304g</p>
<p>&#8211; Hướng dẫn sử dụng:</p>
<ul>
<li>Dùng trực tiếp.</li>
<li>Ăn thay cho bữa sáng hoặc bữa xế và có thể ăn kèm: như sữa, sữa chua, phô mai,&#8230;</li>
</ul>
<p>&#8211; Hướng dẫn bảo quản: Bảo quản hoặc trưng bày ở nơi khô ráo, thoáng mát</p>
]]></content:encoded>
					
					<wfw:commentRss>http://https://github.com/nhatphi1515/nhatphi1515.github.io.git/san-pham/banh-cookies-hon-hop-bon-ami-classic-2/feed/</wfw:commentRss>
			<slash:comments>0</slash:comments>
		
		
			</item>
		<item>
		<title>Bánh Cracker Ngũ cốc BẮP Gooka</title>
		<link>http://https://github.com/nhatphi1515/nhatphi1515.github.io.git/san-pham/banh-cracker-ngu-coc-bap-gooka/</link>
					<comments>http://https://github.com/nhatphi1515/nhatphi1515.github.io.git/san-pham/banh-cracker-ngu-coc-bap-gooka/#respond</comments>
		
		<dc:creator><![CDATA[admin]]></dc:creator>
		<pubDate>Tue, 02 Nov 2021 06:40:48 +0000</pubDate>
				<guid isPermaLink="false">http://https://github.com/nhatphi1515/nhatphi1515.github.io.git/?post_type=product&#038;p=1666</guid>

					<description><![CDATA[<h3>- Bánh Cracker Ngũ cốc bắp Gooka không chiên qua dầu nên tốt cho sức khỏe. Bánh được làm từ thành phần bột gạo nên tạo ra cấu trúc mỏng, giòn và xốp đặc trưng giúp ăn hoài không ngán.</h3>
<h3>- Thương hiệu: Gooka</h3>
<h3>- Xuất xứ: Bibica (Việt Nam)</h3>]]></description>
										<content:encoded><![CDATA[<p>Mô tả cụ thể:</p>
<h3>Bánh Cracker Ngũ cốc Bắp Gooka được nướng và không chiên qua dầu nên tốt cho sức khỏe. Bánh được làm từ thành phần bột gạo nên tạo ra cấu trúc mỏng, giòn và xốp đặc trưng giúp ăn hoài không ngán. Bánh ngũ cốc cracker Gooka được đóng gói theo từng gói nhỏ, tiện lợi khi mang theo đi học, đi làm hoặc đi chơi.</h3>
<p>&#8211; Thành phần: Bột mì, chất béo thực vật (shortening, dầu thực vật tinh luyện), đường, 8.2% bột khoai lang, 8.2% bột gạo, 5.7% bắp hạt, tinh bột biến tính, sữa bột, muối, hương bắp tổng hợp, phẩm màu thực phẩm tổng hợp beta-caroten (160a(i), chất tạo xốp (503ii, 500ii), chất nhũ hóa (322i), chất xử lý bôt (223), enzyme.</p>
<p>&#8211; Hương vị: Bánh Cracker Ngũ cốc Bắp Gooka vị phomai thơm ngon, hấp dẫn.</p>
<p>&#8211; Đóng gói: 12 gói/320g/hộp giấy.</p>
<p>&#8211; Hướng dẫn sử dụng:</p>
<ul>
<li>Dùng trực tiếp.</li>
<li>Ăn thay cho bữa sáng hoặc bữa xế và có thể ăn kèm: như sữa, sữa chua, phô mai,&#8230;</li>
</ul>
<p>&#8211; Hướng dẫn bảo quản: Bảo quản hoặc trưng bày ở nơi khô ráo, thoáng mát</p>
<p>&nbsp;</p>
]]></content:encoded>
					
					<wfw:commentRss>http://https://github.com/nhatphi1515/nhatphi1515.github.io.git/san-pham/banh-cracker-ngu-coc-bap-gooka/feed/</wfw:commentRss>
			<slash:comments>0</slash:comments>
		
		
			</item>
		<item>
		<title>Bánh Cracker Ngũ cốc Khoai tây Gooka</title>
		<link>http://https://github.com/nhatphi1515/nhatphi1515.github.io.git/san-pham/banh-cracker-ngu-coc-khoai-tay-gooka-320-gam/</link>
					<comments>http://https://github.com/nhatphi1515/nhatphi1515.github.io.git/san-pham/banh-cracker-ngu-coc-khoai-tay-gooka-320-gam/#respond</comments>
		
		<dc:creator><![CDATA[admin]]></dc:creator>
		<pubDate>Mon, 01 Nov 2021 11:28:58 +0000</pubDate>
				<guid isPermaLink="false">http://https://github.com/nhatphi1515/nhatphi1515.github.io.git/?post_type=product&#038;p=1661</guid>

					<description><![CDATA[<h3>- Bánh Cracker Ngũ cốc Khoai tây Gooka không chiên qua dầu nên tốt cho sức khỏe. Bánh được làm từ thành phần bột gạo nên tạo ra cấu trúc mỏng, giòn và xốp đặc trưng giúp ăn hoài không ngán.</h3>
<h3>- Thương hiệu: Gooka</h3>
<h3>- Xuất xứ: Bibica (Việt Nam)</h3>]]></description>
										<content:encoded><![CDATA[<p>Mô tả cụ thể:</p>
<h3>Bánh Cracker Ngũ cốc Khoai tây Gooka được nướng và không chiên qua dầu nên tốt cho sức khỏe. Bánh được làm từ thành phần bột gạo nên tạo ra cấu trúc mỏng, giòn và xốp đặc trưng giúp ăn hoài không ngán. Bánh ngũ cốc cracker Gooka được đóng gói theo từng gói nhỏ, tiện lợi khi mang theo đi học, đi làm hoặc đi chơi.</h3>
<p>&#8211; Thành phần: Bột mì, chất béo thực vật (shortening, dầu thực vật tinh luyện), đường, 8.2% bột khoai lang, 8.2% bột gạo, 5.7% bắp hạt, tinh bột biến tính, sữa bột, muối, hương bắp tổng hợp, phẩm màu thực phẩm tổng hợp beta-caroten (160a(i), chất tạo xốp (503ii, 500ii), chất nhũ hóa (322i), chất xử lý bôt (223), enzyme.</p>
<p>&#8211; Hương vị: Bánh Cracker Ngũ cốc Khoai tây Gooka vị dừa thơm ngon, hấp dẫn.</p>
<p>&#8211; Đóng gói: 12 gói/320g/hộp giấy.</p>
<p>&#8211; Hướng dẫn sử dụng:</p>
<ul>
<li>Dùng trực tiếp.</li>
<li>Ăn thay cho bữa sáng hoặc bữa xế và có thể ăn kèm: như sữa, sữa chua, phô mai,&#8230;</li>
</ul>
<p>&#8211; Hướng dẫn bảo quản: Bảo quản hoặc trưng bày ở nơi khô ráo, thoáng mát</p>
<p>&nbsp;</p>
]]></content:encoded>
					
					<wfw:commentRss>http://https://github.com/nhatphi1515/nhatphi1515.github.io.git/san-pham/banh-cracker-ngu-coc-khoai-tay-gooka-320-gam/feed/</wfw:commentRss>
			<slash:comments>0</slash:comments>
		
		
			</item>
		<item>
		<title>Bánh Cookies Bơ Bon Ami Classic</title>
		<link>http://https://github.com/nhatphi1515/nhatphi1515.github.io.git/san-pham/banh-cookies-bo-bon-ami-classic-192-gam/</link>
					<comments>http://https://github.com/nhatphi1515/nhatphi1515.github.io.git/san-pham/banh-cookies-bo-bon-ami-classic-192-gam/#respond</comments>
		
		<dc:creator><![CDATA[admin]]></dc:creator>
		<pubDate>Mon, 01 Nov 2021 11:26:47 +0000</pubDate>
				<guid isPermaLink="false">http://https://github.com/nhatphi1515/nhatphi1515.github.io.git/?post_type=product&#038;p=1660</guid>

					<description><![CDATA[<h3>- Bánh Cookies Bơ Brownie Bon Ami Classic là dòng bánh Cookie giòn xốp, thơm vị bơ, hấp dẫn từ miếng bánh đầu tiên.</h3>
<h3>- Thương hiệu: Bon Ami</h3>
- Hương vị: vị bơ thơm ngon, hấp hẫn.
<h3>- Xuất xứ: Bibica (Việt Nam)</h3>]]></description>
										<content:encoded><![CDATA[<p>Mô tả cụ thể:</p>
<h3>Bánh Cookies Bơ Bon Ami Classic 80g được làm từ trứng, bơ lạt và sữa, cho cốt bánh giòn xốp và thơm lừng vị bơ. Sản phẩm thích hợp làm thức ăn vặt, tiện lợi khi mang theo đi làm, đi chơi. Sản xuất trên dây chuyền thiết bị hiện đại của Châu Âu. Đạt tiêu chuẩn HACCP, đảm bảo các chỉ tiêu về vệ sinh an toàn thực phẩm.</h3>
<p>&#8211; Thành phần: Bột mì, đường, chất béo thực vật (dầu olein tinh luyện), 10% bơ lạt, sữa bột, muối I-ốt, chất tạo xốp (E500(ii), E503(ii)), hương tổng hợp (sữa, vani).</p>
<p>&#8211; Hương vị:  Bánh Cookies Bơ Brownie Bon Ami Classic giòn xốp với vị bơ thơm ngon, hấp dẫn.</p>
<p>&#8211; Khối lượng: 192gam/hộp</p>
<p>&#8211; Hướng dẫn sử dụng:</p>
<ul>
<li>Dùng trực tiếp.</li>
<li>Ăn thay cho bữa sáng hoặc bữa xế và có thể ăn kèm: như sữa, sữa chua, phô mai,&#8230;</li>
</ul>
<p>&#8211; Hướng dẫn bảo quản: Bảo quản hoặc trưng bày ở nơi khô ráo, thoáng mát</p>
]]></content:encoded>
					
					<wfw:commentRss>http://https://github.com/nhatphi1515/nhatphi1515.github.io.git/san-pham/banh-cookies-bo-bon-ami-classic-192-gam/feed/</wfw:commentRss>
			<slash:comments>0</slash:comments>
		
		
			</item>
		<item>
		<title>Bánh Cookies Brownie Bon Ami Classic</title>
		<link>http://https://github.com/nhatphi1515/nhatphi1515.github.io.git/san-pham/banh-cookies-brownie-bon-ami-classic/</link>
					<comments>http://https://github.com/nhatphi1515/nhatphi1515.github.io.git/san-pham/banh-cookies-brownie-bon-ami-classic/#respond</comments>
		
		<dc:creator><![CDATA[admin]]></dc:creator>
		<pubDate>Mon, 01 Nov 2021 10:49:29 +0000</pubDate>
				<guid isPermaLink="false">http://https://github.com/nhatphi1515/nhatphi1515.github.io.git/?post_type=product&#038;p=1609</guid>

					<description><![CDATA[<h3>- Bánh Cookies Brownie Bon Ami Classic là dòng bánh Cookie giòn xốp, thơm vị bơ và đắng nhẹ của chocolate nguyên chất đem lại cho bạn món bánh tròn vị, hấp dẫn khi thưởng thức.</h3>
<h3>- Thương hiệu: Bon Ami</h3>
<h3>- Xuất xứ: Bibica (Việt Nam)</h3>]]></description>
										<content:encoded><![CDATA[<p>Mô tả cụ thể:</p>
<h3>Bánh Cookies Brownie Bon Ami Classic 192g được làm từ trứng, bơ lạt và sữa, cho cốt bánh giòn xốp. Sản phẩm thích hợp làm thức ăn vặt, tiện lợi khi mang theo đi làm, đi chơi. Sản xuất trên dây chuyền thiết bị hiện đại của Châu Âu. Đạt tiêu chuẩn HACCP, đảm bảo các chỉ tiêu về vệ sinh an toàn thực phẩm.</h3>
<p>&#8211; Thành phần: Bột mì, đường, chất béo thực vật (dầu olein tinh luyện), bơ lạt, 6% sô cô la hạt, 5% bột cacao, sữa bột, muối I-ốt, chất tạo xốp (E500(ii), E503(ii)), hương tổng hợp (sữa, vani).</p>
<p>&#8211; Hương vị:  Bánh Cookies Brownie Bon Ami Classic giòn xốp thơm vị bơ và đắng nhẹ của chocolate nguyên chất hòa quyện vị cacao mang đến cho bạn món bánh trọng vị, hấp dẫn.</p>
<p>&#8211; Khối lượng: 192gam/hộp</p>
<p>&#8211; Hướng dẫn sử dụng:</p>
<ul>
<li>Dùng trực tiếp.</li>
<li>Ăn thay cho bữa sáng hoặc bữa xế và có thể ăn kèm: như sữa, sữa chua, phô mai,&#8230;</li>
</ul>
<p>&#8211; Hướng dẫn bảo quản: Bảo quản hoặc trưng bày ở nơi khô ráo, thoáng mát</p>
<p>&nbsp;</p>
]]></content:encoded>
					
					<wfw:commentRss>http://https://github.com/nhatphi1515/nhatphi1515.github.io.git/san-pham/banh-cookies-brownie-bon-ami-classic/feed/</wfw:commentRss>
			<slash:comments>0</slash:comments>
		
		
			</item>
	</channel>
</rss>
