<?xml version="1.0" encoding="UTF-8"?><rss version="2.0"
	xmlns:content="http://purl.org/rss/1.0/modules/content/"
	xmlns:wfw="http://wellformedweb.org/CommentAPI/"
	xmlns:dc="http://purl.org/dc/elements/1.1/"
	xmlns:atom="http://www.w3.org/2005/Atom"
	xmlns:sy="http://purl.org/rss/1.0/modules/syndication/"
	xmlns:slash="http://purl.org/rss/1.0/modules/slash/"
	>

<channel>
	<title>Bánh wafer &#8211; Bibica</title>
	<atom:link href="http://https://github.com/nhatphi1515/nhatphi1515.github.io.git/danh-muc-san-pham/banh/banh-wafer/feed/" rel="self" type="application/rss+xml" />
	<link>http://https://github.com/nhatphi1515/nhatphi1515.github.io.git</link>
	<description></description>
	<lastBuildDate>Mon, 06 Dec 2021 14:06:59 +0000</lastBuildDate>
	<language>vi</language>
	<sy:updatePeriod>
	hourly	</sy:updatePeriod>
	<sy:updateFrequency>
	1	</sy:updateFrequency>
	<generator>https://wordpress.org/?v=5.8.2</generator>
	<item>
		<title>Bánh kem xốp Sôcôla &#8211; Dừa Roppy</title>
		<link>http://https://github.com/nhatphi1515/nhatphi1515.github.io.git/san-pham/banh-kem-xop-socola-dua-roppy/</link>
					<comments>http://https://github.com/nhatphi1515/nhatphi1515.github.io.git/san-pham/banh-kem-xop-socola-dua-roppy/#respond</comments>
		
		<dc:creator><![CDATA[admin]]></dc:creator>
		<pubDate>Tue, 02 Nov 2021 07:29:20 +0000</pubDate>
				<guid isPermaLink="false">http://https://github.com/nhatphi1515/nhatphi1515.github.io.git/?post_type=product&#038;p=1750</guid>

					<description><![CDATA[<h3>- Bánh Kem Xốp Socola Dừa Roppy 504 gam là sản phẩm quen thuộc của Bibica, nhưng nay được cải tiến hơn với hương vị cà phê muối mới lạ. Phù hợp cho những khách hàng thích những loại bánh không quá ngọt và bị lôi cuốn bởi những loại bánh có vị ngọt và mặn kết hợp.</h3>
<h3>- Thương hiệu: Bibica</h3>
<h3>- Xuất xứ: Bibica (Việt Nam)</h3>
- Trọng lượng: 504 gam/hộp]]></description>
										<content:encoded><![CDATA[<p>Mô tả cụ thể:</p>
<h3>Bánh Kem Xốp Socola Dừa Roppy 504 gam được làm từ Bột nếp, bột cà phê tạo nên một món bánh hòa quyện những hương vị thơm ngon và mới lạ.</h3>
<h3>Sản phẩm thích hợp làm thức ăn vặt, tiện lợi khi mang theo đi làm, đi chơi. Sản xuất trên dây chuyền thiết bị hiện đại của Châu Âu. Đạt tiêu chuẩn HACCP, đảm bảo các chỉ tiêu về vệ sinh an toàn thực phẩm.</h3>
<p>&#8211; Thành phần: Bột mì, đường, chất béo thực vật (shortening, dầu thực vật tinh luyện), 4% sữa bột, 3.5% bột nước cốt dừa, tinh bột biến tính, 0.2% bột cacao đen, chất nhũ hóa (322i), muối, màu  thực phẩm tồng hợp caramel nhóm I (150a), chất tạo xốp (503ii, 500ii), hương tổng hợp (sô cô la, dừa).</p>
<p>&#8211; Chỉ tiêu chất lượng chủ yếu:</p>
<p>Năng lượng : 374 ÷ 703 kcal Chất béo: 20.6 ÷ 40.1 g</p>
<p>Carbohydrate: 41.1 ÷ 79 g Protein : 4.75 ÷ 9.4 g</p>
<p>&#8211; Hương vị:  Bánh Kem Xốp Socola Dừa Roppy 504 gam có hương cà phê và vị mặn nhẹ và béo béo của muối và kem sữa thanh nhẹ, mang đến cho bạn món bánh trọng vị, hấp dẫn và giòn tan.</p>
<p>&#8211; Khối lượng: 180 gam/hộp</p>
<p>&#8211; Hướng dẫn sử dụng:</p>
<ul>
<li>Dùng trực tiếp.</li>
<li>Ngon hơn khi ăn cùng sữa tươi.</li>
<li>Ăn thay cho bữa sáng hoặc bữa xế và tráng miệng.</li>
</ul>
<p>&#8211; Hướng dẫn bảo quản: Bảo quản hoặc trưng bày ở nơi khô ráo, thoáng mát.</p>
]]></content:encoded>
					
					<wfw:commentRss>http://https://github.com/nhatphi1515/nhatphi1515.github.io.git/san-pham/banh-kem-xop-socola-dua-roppy/feed/</wfw:commentRss>
			<slash:comments>0</slash:comments>
		
		
			</item>
		<item>
		<title>Bánh kem xốp Phô Mai nhân đôi Roppy</title>
		<link>http://https://github.com/nhatphi1515/nhatphi1515.github.io.git/san-pham/banh-kem-xop-pho-mai-nhan-doi-roppy/</link>
					<comments>http://https://github.com/nhatphi1515/nhatphi1515.github.io.git/san-pham/banh-kem-xop-pho-mai-nhan-doi-roppy/#respond</comments>
		
		<dc:creator><![CDATA[admin]]></dc:creator>
		<pubDate>Tue, 02 Nov 2021 07:27:46 +0000</pubDate>
				<guid isPermaLink="false">http://https://github.com/nhatphi1515/nhatphi1515.github.io.git/?post_type=product&#038;p=1748</guid>

					<description><![CDATA[<h3>- Bánh Kem Xốp Phô Mai Nhân Đôi Roppy 504 gam là sản phẩm quen thuộc của Bibica, nhưng nay mới mẻ hơn mới lớp phomai nhân đôi. Phù hợp cho những khách hàng thích là những tín đồ của phomai.</h3>
<h3>- Thương hiệu: Bibica</h3>
<h3>- Xuất xứ: Bibica (Việt Nam)</h3>]]></description>
										<content:encoded><![CDATA[<p>Mô tả cụ thể:</p>
<h3>Bánh Kem Xốp Phô Mai Nhân Đôi Roppy 504 gam được làm từ Bột nếp, hương vị phomai tạo nên một món bánh hòa quyện những hương vị thơm ngon và mới lạ.</h3>
<h3>Sản phẩm thích hợp làm thức ăn vặt, tiện lợi khi mang theo đi làm, đi chơi. Sản xuất trên dây chuyền thiết bị hiện đại của Châu Âu. Đạt tiêu chuẩn HACCP, đảm bảo các chỉ tiêu về vệ sinh an toàn thực phẩm.</h3>
<p>&#8211; Thành phần:  Bột mì, đường, chất béo thực vật (shortening, dầu tinh luyện), 4% sữa bột , 2.5% bột phô mai, bột biến tính, chất nhũ hóa (322i), phẩm màu thực phẩm tổng hợp: beta-caroten (160a(i), chất tạo xốp (503ii, 500ii), hương phô mai tổng hợp.</p>
<p>&#8211; Chỉ tiêu chất lượng chủ yếu:</p>
<p>Năng lượng : 374 ÷ 703 kcal Chất béo: 20.6 ÷ 40.1 g</p>
<p>Carbohydrate: 41.1 ÷ 79 g Protein : 4.75 ÷ 9.4 g</p>
<p>&nbsp;</p>
<p>&#8211; Hương vị:  Bánh kemXốp Phô Mai Nhân Đôi Roppy 504 gam có hương vị mặn nhẹ và béo béo của phomai và kem sữa thanh nhẹ, mang đến cho bạn món bánh trọng vị, hấp dẫn và giòn tan.</p>
<p>&#8211; Khối lượng: 180 gam/hộp</p>
<p>&#8211; Hướng dẫn sử dụng:</p>
<ul>
<li>Dùng trực tiếp.</li>
<li>Ngon hơn khi ăn cùng sữa tươi.</li>
<li>Ăn thay cho bữa sáng hoặc bữa xế và tráng miệng.</li>
</ul>
<p>&nbsp;</p>
<p>&#8211; Hướng dẫn bảo quản: Bảo quản hoặc trưng bày ở nơi khô ráo, thoáng mát.</p>
]]></content:encoded>
					
					<wfw:commentRss>http://https://github.com/nhatphi1515/nhatphi1515.github.io.git/san-pham/banh-kem-xop-pho-mai-nhan-doi-roppy/feed/</wfw:commentRss>
			<slash:comments>0</slash:comments>
		
		
			</item>
		<item>
		<title>Bánh kem xốp Cà Phê muối Roppy</title>
		<link>http://https://github.com/nhatphi1515/nhatphi1515.github.io.git/san-pham/banh-kem-xop-ca-phe-muoi-roppy/</link>
					<comments>http://https://github.com/nhatphi1515/nhatphi1515.github.io.git/san-pham/banh-kem-xop-ca-phe-muoi-roppy/#respond</comments>
		
		<dc:creator><![CDATA[admin]]></dc:creator>
		<pubDate>Tue, 02 Nov 2021 07:26:37 +0000</pubDate>
				<guid isPermaLink="false">http://https://github.com/nhatphi1515/nhatphi1515.github.io.git/?post_type=product&#038;p=1742</guid>

					<description><![CDATA[Mô tả cụ thể:
<h3>Bánh Kem Xốp Cà Phê Muối Roppy 504 gam được làm từ Bột nếp, bột cà phê tạo nên một món bánh hòa quyện những hương vị thơm ngon và mới lạ.</h3>
<h3>Sản phẩm thích hợp làm thức ăn vặt, tiện lợi khi mang theo đi làm, đi chơi. Sản xuất trên dây chuyền thiết bị hiện đại của Châu Âu. Đạt tiêu chuẩn HACCP, đảm bảo các chỉ tiêu về vệ sinh an toàn thực phẩm.</h3>
- Thành phần:  Bột mì, đường, chất béo thực vật (shortening, dầu tinh luyện), sữa bột (4%), bột biến tính, 0.6% muối, 0.2% bột cà phê, chất nhũ hóa (322i) , màu caramel nhóm I (150a), chất tạo xốp (503ii, 500ii), hương tổng hợp (cà phê, vani).

- Chỉ tiêu chất lượng chủ yếu:

Năng lượng : 374 ÷ 703 kcal Chất béo: 20.6 ÷ 40.1 g

Carbohydrate: 41.1 ÷ 79 g Protein : 4.75 ÷ 9.4 g

&#160;

- Hương vị:  Bánh kem xốp Cà Phê muối Roppy 504 gam có hương cà phê và vị mặn nhẹ và béo béo của muối và kem sữa thanh nhẹ, mang đến cho bạn món bánh trọng vị, hấp dẫn và giòn tan.

- Khối lượng: 180 gam/hộp

- Hướng dẫn sử dụng:
<ul>
 	<li>Dùng trực tiếp.</li>
 	<li>Ngon hơn khi ăn cùng sữa tươi.</li>
 	<li>Ăn thay cho bữa sáng hoặc bữa xế và tráng miệng.</li>
</ul>
&#160;

- Hướng dẫn bảo quản: Bảo quản hoặc trưng bày ở nơi khô ráo, thoáng mát.]]></description>
										<content:encoded><![CDATA[<p>Mô tả cụ thể:</p>
<h3>Bánh Kem Xốp Cà Phê Muối Roppy 504 gam được làm từ Bột nếp, bột cà phê tạo nên một món bánh hòa quyện những hương vị thơm ngon và mới lạ.</h3>
<h3>Sản phẩm thích hợp làm thức ăn vặt, tiện lợi khi mang theo đi làm, đi chơi. Sản xuất trên dây chuyền thiết bị hiện đại của Châu Âu. Đạt tiêu chuẩn HACCP, đảm bảo các chỉ tiêu về vệ sinh an toàn thực phẩm.</h3>
<p>&#8211; Thành phần:  Bột mì, đường, chất béo thực vật (shortening, dầu tinh luyện), sữa bột (4%), bột biến tính, 0.6% muối, 0.2% bột cà phê, chất nhũ hóa (322i) , màu caramel nhóm I (150a), chất tạo xốp (503ii, 500ii), hương tổng hợp (cà phê, vani).</p>
<p>&#8211; Chỉ tiêu chất lượng chủ yếu:</p>
<p>Năng lượng : 374 ÷ 703 kcal Chất béo: 20.6 ÷ 40.1 g</p>
<p>Carbohydrate: 41.1 ÷ 79 g Protein : 4.75 ÷ 9.4 g</p>
<p>&nbsp;</p>
<p>&#8211; Hương vị:  Bánh kem xốp Cà Phê muối Roppy 504 gam có hương cà phê và vị mặn nhẹ và béo béo của muối và kem sữa thanh nhẹ, mang đến cho bạn món bánh trọng vị, hấp dẫn và giòn tan.</p>
<p>&#8211; Khối lượng: 180 gam/hộp</p>
<p>&#8211; Hướng dẫn sử dụng:</p>
<ul>
<li>Dùng trực tiếp.</li>
<li>Ngon hơn khi ăn cùng sữa tươi.</li>
<li>Ăn thay cho bữa sáng hoặc bữa xế và tráng miệng.</li>
</ul>
<p>&nbsp;</p>
<p>&#8211; Hướng dẫn bảo quản: Bảo quản hoặc trưng bày ở nơi khô ráo, thoáng mát.</p>
]]></content:encoded>
					
					<wfw:commentRss>http://https://github.com/nhatphi1515/nhatphi1515.github.io.git/san-pham/banh-kem-xop-ca-phe-muoi-roppy/feed/</wfw:commentRss>
			<slash:comments>0</slash:comments>
		
		
			</item>
	</channel>
</rss>
