<?xml version="1.0" encoding="UTF-8"?><rss version="2.0"
	xmlns:content="http://purl.org/rss/1.0/modules/content/"
	xmlns:dc="http://purl.org/dc/elements/1.1/"
	xmlns:atom="http://www.w3.org/2005/Atom"
	xmlns:sy="http://purl.org/rss/1.0/modules/syndication/"
	
	>
<channel>
	<title>
	Các phản hồi luận về: Bánh Cao Cấp ÁNH NGUYỆT	</title>
	<atom:link href="http://https://github.com/nhatphi1515/nhatphi1515.github.io.git/san-pham/banh-cao-cap-anh-nguyet/feed/" rel="self" type="application/rss+xml" />
	<link>http://https://github.com/nhatphi1515/nhatphi1515.github.io.git/san-pham/banh-cao-cap-anh-nguyet/</link>
	<description></description>
	<lastBuildDate>Tue, 07 Dec 2021 03:37:15 +0000</lastBuildDate>
	<sy:updatePeriod>
	hourly	</sy:updatePeriod>
	<sy:updateFrequency>
	1	</sy:updateFrequency>
	<generator>https://wordpress.org/?v=5.8.2</generator>
	<item>
		<title>
		Bởi: admin		</title>
		<link>http://https://github.com/nhatphi1515/nhatphi1515.github.io.git/san-pham/banh-cao-cap-anh-nguyet/#comment-413</link>

		<dc:creator><![CDATA[admin]]></dc:creator>
		<pubDate>Tue, 07 Dec 2021 03:14:49 +0000</pubDate>
		<guid isPermaLink="false">http://https://github.com/nhatphi1515/nhatphi1515.github.io.git/?post_type=product&#038;p=1709#comment-413</guid>

					<description><![CDATA[bánh ngon]]></description>
			<content:encoded><![CDATA[<p>bánh ngon</p>
]]></content:encoded>
		
			</item>
	</channel>
</rss>
