<?xml version="1.0" encoding="UTF-8"?><rss version="2.0"
	xmlns:content="http://purl.org/rss/1.0/modules/content/"
	xmlns:dc="http://purl.org/dc/elements/1.1/"
	xmlns:atom="http://www.w3.org/2005/Atom"
	xmlns:sy="http://purl.org/rss/1.0/modules/syndication/"
	
	>
<channel>
	<title>
	Các phản hồi luận về: 7 cách làm ngũ cốc ăn sáng tại nhà giúp bạn thon thả hơn	</title>
	<atom:link href="http://https://github.com/nhatphi1515/nhatphi1515.github.io.git/2021/10/18/7-cach-lam-ngu-coc-an-sang-tai-nha-giup-ban-thon-tha-hon/feed/" rel="self" type="application/rss+xml" />
	<link>http://https://github.com/nhatphi1515/nhatphi1515.github.io.git/2021/10/18/7-cach-lam-ngu-coc-an-sang-tai-nha-giup-ban-thon-tha-hon/</link>
	<description></description>
	<lastBuildDate>Tue, 07 Dec 2021 03:17:21 +0000</lastBuildDate>
	<sy:updatePeriod>
	hourly	</sy:updatePeriod>
	<sy:updateFrequency>
	1	</sy:updateFrequency>
	<generator>https://wordpress.org/?v=5.8.2</generator>
</channel>
</rss>
