<?xml version="1.0" encoding="UTF-8"?><rss version="2.0"
	xmlns:content="http://purl.org/rss/1.0/modules/content/"
	xmlns:dc="http://purl.org/dc/elements/1.1/"
	xmlns:atom="http://www.w3.org/2005/Atom"
	xmlns:sy="http://purl.org/rss/1.0/modules/syndication/"
	
	>
<channel>
	<title>
	Các phản hồi luận về: Ý nghĩa của bánh trung thu	</title>
	<atom:link href="http://https://github.com/nhatphi1515/nhatphi1515.github.io.git/2021/10/18/y-nghia-cua-banh-trung-thu/feed/" rel="self" type="application/rss+xml" />
	<link>http://https://github.com/nhatphi1515/nhatphi1515.github.io.git/2021/10/18/y-nghia-cua-banh-trung-thu/</link>
	<description></description>
	<lastBuildDate>Mon, 18 Oct 2021 19:10:28 +0000</lastBuildDate>
	<sy:updatePeriod>
	hourly	</sy:updatePeriod>
	<sy:updateFrequency>
	1	</sy:updateFrequency>
	<generator>https://wordpress.org/?v=5.8.2</generator>
</channel>
</rss>
