<?xml version="1.0" encoding="UTF-8"?><rss version="2.0"
	xmlns:content="http://purl.org/rss/1.0/modules/content/"
	xmlns:wfw="http://wellformedweb.org/CommentAPI/"
	xmlns:dc="http://purl.org/dc/elements/1.1/"
	xmlns:atom="http://www.w3.org/2005/Atom"
	xmlns:sy="http://purl.org/rss/1.0/modules/syndication/"
	xmlns:slash="http://purl.org/rss/1.0/modules/slash/"
	>

<channel>
	<title>Bánh &#8211; Bibica</title>
	<atom:link href="http://https://github.com/nhatphi1515/nhatphi1515.github.io.git/danh-muc-san-pham/banh/feed/" rel="self" type="application/rss+xml" />
	<link>http://https://github.com/nhatphi1515/nhatphi1515.github.io.git</link>
	<description></description>
	<lastBuildDate>Tue, 07 Dec 2021 03:37:15 +0000</lastBuildDate>
	<language>vi</language>
	<sy:updatePeriod>
	hourly	</sy:updatePeriod>
	<sy:updateFrequency>
	1	</sy:updateFrequency>
	<generator>https://wordpress.org/?v=5.8.2</generator>
	<item>
		<title>Bánh kem xốp Sôcôla &#8211; Dừa Roppy</title>
		<link>http://https://github.com/nhatphi1515/nhatphi1515.github.io.git/san-pham/banh-kem-xop-socola-dua-roppy/</link>
					<comments>http://https://github.com/nhatphi1515/nhatphi1515.github.io.git/san-pham/banh-kem-xop-socola-dua-roppy/#respond</comments>
		
		<dc:creator><![CDATA[admin]]></dc:creator>
		<pubDate>Tue, 02 Nov 2021 07:29:20 +0000</pubDate>
				<guid isPermaLink="false">http://https://github.com/nhatphi1515/nhatphi1515.github.io.git/?post_type=product&#038;p=1750</guid>

					<description><![CDATA[<h3>- Bánh Kem Xốp Socola Dừa Roppy 504 gam là sản phẩm quen thuộc của Bibica, nhưng nay được cải tiến hơn với hương vị cà phê muối mới lạ. Phù hợp cho những khách hàng thích những loại bánh không quá ngọt và bị lôi cuốn bởi những loại bánh có vị ngọt và mặn kết hợp.</h3>
<h3>- Thương hiệu: Bibica</h3>
<h3>- Xuất xứ: Bibica (Việt Nam)</h3>
- Trọng lượng: 504 gam/hộp]]></description>
										<content:encoded><![CDATA[<p>Mô tả cụ thể:</p>
<h3>Bánh Kem Xốp Socola Dừa Roppy 504 gam được làm từ Bột nếp, bột cà phê tạo nên một món bánh hòa quyện những hương vị thơm ngon và mới lạ.</h3>
<h3>Sản phẩm thích hợp làm thức ăn vặt, tiện lợi khi mang theo đi làm, đi chơi. Sản xuất trên dây chuyền thiết bị hiện đại của Châu Âu. Đạt tiêu chuẩn HACCP, đảm bảo các chỉ tiêu về vệ sinh an toàn thực phẩm.</h3>
<p>&#8211; Thành phần: Bột mì, đường, chất béo thực vật (shortening, dầu thực vật tinh luyện), 4% sữa bột, 3.5% bột nước cốt dừa, tinh bột biến tính, 0.2% bột cacao đen, chất nhũ hóa (322i), muối, màu  thực phẩm tồng hợp caramel nhóm I (150a), chất tạo xốp (503ii, 500ii), hương tổng hợp (sô cô la, dừa).</p>
<p>&#8211; Chỉ tiêu chất lượng chủ yếu:</p>
<p>Năng lượng : 374 ÷ 703 kcal Chất béo: 20.6 ÷ 40.1 g</p>
<p>Carbohydrate: 41.1 ÷ 79 g Protein : 4.75 ÷ 9.4 g</p>
<p>&#8211; Hương vị:  Bánh Kem Xốp Socola Dừa Roppy 504 gam có hương cà phê và vị mặn nhẹ và béo béo của muối và kem sữa thanh nhẹ, mang đến cho bạn món bánh trọng vị, hấp dẫn và giòn tan.</p>
<p>&#8211; Khối lượng: 180 gam/hộp</p>
<p>&#8211; Hướng dẫn sử dụng:</p>
<ul>
<li>Dùng trực tiếp.</li>
<li>Ngon hơn khi ăn cùng sữa tươi.</li>
<li>Ăn thay cho bữa sáng hoặc bữa xế và tráng miệng.</li>
</ul>
<p>&#8211; Hướng dẫn bảo quản: Bảo quản hoặc trưng bày ở nơi khô ráo, thoáng mát.</p>
]]></content:encoded>
					
					<wfw:commentRss>http://https://github.com/nhatphi1515/nhatphi1515.github.io.git/san-pham/banh-kem-xop-socola-dua-roppy/feed/</wfw:commentRss>
			<slash:comments>0</slash:comments>
		
		
			</item>
		<item>
		<title>Bánh kem xốp Phô Mai nhân đôi Roppy</title>
		<link>http://https://github.com/nhatphi1515/nhatphi1515.github.io.git/san-pham/banh-kem-xop-pho-mai-nhan-doi-roppy/</link>
					<comments>http://https://github.com/nhatphi1515/nhatphi1515.github.io.git/san-pham/banh-kem-xop-pho-mai-nhan-doi-roppy/#respond</comments>
		
		<dc:creator><![CDATA[admin]]></dc:creator>
		<pubDate>Tue, 02 Nov 2021 07:27:46 +0000</pubDate>
				<guid isPermaLink="false">http://https://github.com/nhatphi1515/nhatphi1515.github.io.git/?post_type=product&#038;p=1748</guid>

					<description><![CDATA[<h3>- Bánh Kem Xốp Phô Mai Nhân Đôi Roppy 504 gam là sản phẩm quen thuộc của Bibica, nhưng nay mới mẻ hơn mới lớp phomai nhân đôi. Phù hợp cho những khách hàng thích là những tín đồ của phomai.</h3>
<h3>- Thương hiệu: Bibica</h3>
<h3>- Xuất xứ: Bibica (Việt Nam)</h3>]]></description>
										<content:encoded><![CDATA[<p>Mô tả cụ thể:</p>
<h3>Bánh Kem Xốp Phô Mai Nhân Đôi Roppy 504 gam được làm từ Bột nếp, hương vị phomai tạo nên một món bánh hòa quyện những hương vị thơm ngon và mới lạ.</h3>
<h3>Sản phẩm thích hợp làm thức ăn vặt, tiện lợi khi mang theo đi làm, đi chơi. Sản xuất trên dây chuyền thiết bị hiện đại của Châu Âu. Đạt tiêu chuẩn HACCP, đảm bảo các chỉ tiêu về vệ sinh an toàn thực phẩm.</h3>
<p>&#8211; Thành phần:  Bột mì, đường, chất béo thực vật (shortening, dầu tinh luyện), 4% sữa bột , 2.5% bột phô mai, bột biến tính, chất nhũ hóa (322i), phẩm màu thực phẩm tổng hợp: beta-caroten (160a(i), chất tạo xốp (503ii, 500ii), hương phô mai tổng hợp.</p>
<p>&#8211; Chỉ tiêu chất lượng chủ yếu:</p>
<p>Năng lượng : 374 ÷ 703 kcal Chất béo: 20.6 ÷ 40.1 g</p>
<p>Carbohydrate: 41.1 ÷ 79 g Protein : 4.75 ÷ 9.4 g</p>
<p>&nbsp;</p>
<p>&#8211; Hương vị:  Bánh kemXốp Phô Mai Nhân Đôi Roppy 504 gam có hương vị mặn nhẹ và béo béo của phomai và kem sữa thanh nhẹ, mang đến cho bạn món bánh trọng vị, hấp dẫn và giòn tan.</p>
<p>&#8211; Khối lượng: 180 gam/hộp</p>
<p>&#8211; Hướng dẫn sử dụng:</p>
<ul>
<li>Dùng trực tiếp.</li>
<li>Ngon hơn khi ăn cùng sữa tươi.</li>
<li>Ăn thay cho bữa sáng hoặc bữa xế và tráng miệng.</li>
</ul>
<p>&nbsp;</p>
<p>&#8211; Hướng dẫn bảo quản: Bảo quản hoặc trưng bày ở nơi khô ráo, thoáng mát.</p>
]]></content:encoded>
					
					<wfw:commentRss>http://https://github.com/nhatphi1515/nhatphi1515.github.io.git/san-pham/banh-kem-xop-pho-mai-nhan-doi-roppy/feed/</wfw:commentRss>
			<slash:comments>0</slash:comments>
		
		
			</item>
		<item>
		<title>Bánh kem xốp Cà Phê muối Roppy</title>
		<link>http://https://github.com/nhatphi1515/nhatphi1515.github.io.git/san-pham/banh-kem-xop-ca-phe-muoi-roppy/</link>
					<comments>http://https://github.com/nhatphi1515/nhatphi1515.github.io.git/san-pham/banh-kem-xop-ca-phe-muoi-roppy/#respond</comments>
		
		<dc:creator><![CDATA[admin]]></dc:creator>
		<pubDate>Tue, 02 Nov 2021 07:26:37 +0000</pubDate>
				<guid isPermaLink="false">http://https://github.com/nhatphi1515/nhatphi1515.github.io.git/?post_type=product&#038;p=1742</guid>

					<description><![CDATA[Mô tả cụ thể:
<h3>Bánh Kem Xốp Cà Phê Muối Roppy 504 gam được làm từ Bột nếp, bột cà phê tạo nên một món bánh hòa quyện những hương vị thơm ngon và mới lạ.</h3>
<h3>Sản phẩm thích hợp làm thức ăn vặt, tiện lợi khi mang theo đi làm, đi chơi. Sản xuất trên dây chuyền thiết bị hiện đại của Châu Âu. Đạt tiêu chuẩn HACCP, đảm bảo các chỉ tiêu về vệ sinh an toàn thực phẩm.</h3>
- Thành phần:  Bột mì, đường, chất béo thực vật (shortening, dầu tinh luyện), sữa bột (4%), bột biến tính, 0.6% muối, 0.2% bột cà phê, chất nhũ hóa (322i) , màu caramel nhóm I (150a), chất tạo xốp (503ii, 500ii), hương tổng hợp (cà phê, vani).

- Chỉ tiêu chất lượng chủ yếu:

Năng lượng : 374 ÷ 703 kcal Chất béo: 20.6 ÷ 40.1 g

Carbohydrate: 41.1 ÷ 79 g Protein : 4.75 ÷ 9.4 g

&#160;

- Hương vị:  Bánh kem xốp Cà Phê muối Roppy 504 gam có hương cà phê và vị mặn nhẹ và béo béo của muối và kem sữa thanh nhẹ, mang đến cho bạn món bánh trọng vị, hấp dẫn và giòn tan.

- Khối lượng: 180 gam/hộp

- Hướng dẫn sử dụng:
<ul>
 	<li>Dùng trực tiếp.</li>
 	<li>Ngon hơn khi ăn cùng sữa tươi.</li>
 	<li>Ăn thay cho bữa sáng hoặc bữa xế và tráng miệng.</li>
</ul>
&#160;

- Hướng dẫn bảo quản: Bảo quản hoặc trưng bày ở nơi khô ráo, thoáng mát.]]></description>
										<content:encoded><![CDATA[<p>Mô tả cụ thể:</p>
<h3>Bánh Kem Xốp Cà Phê Muối Roppy 504 gam được làm từ Bột nếp, bột cà phê tạo nên một món bánh hòa quyện những hương vị thơm ngon và mới lạ.</h3>
<h3>Sản phẩm thích hợp làm thức ăn vặt, tiện lợi khi mang theo đi làm, đi chơi. Sản xuất trên dây chuyền thiết bị hiện đại của Châu Âu. Đạt tiêu chuẩn HACCP, đảm bảo các chỉ tiêu về vệ sinh an toàn thực phẩm.</h3>
<p>&#8211; Thành phần:  Bột mì, đường, chất béo thực vật (shortening, dầu tinh luyện), sữa bột (4%), bột biến tính, 0.6% muối, 0.2% bột cà phê, chất nhũ hóa (322i) , màu caramel nhóm I (150a), chất tạo xốp (503ii, 500ii), hương tổng hợp (cà phê, vani).</p>
<p>&#8211; Chỉ tiêu chất lượng chủ yếu:</p>
<p>Năng lượng : 374 ÷ 703 kcal Chất béo: 20.6 ÷ 40.1 g</p>
<p>Carbohydrate: 41.1 ÷ 79 g Protein : 4.75 ÷ 9.4 g</p>
<p>&nbsp;</p>
<p>&#8211; Hương vị:  Bánh kem xốp Cà Phê muối Roppy 504 gam có hương cà phê và vị mặn nhẹ và béo béo của muối và kem sữa thanh nhẹ, mang đến cho bạn món bánh trọng vị, hấp dẫn và giòn tan.</p>
<p>&#8211; Khối lượng: 180 gam/hộp</p>
<p>&#8211; Hướng dẫn sử dụng:</p>
<ul>
<li>Dùng trực tiếp.</li>
<li>Ngon hơn khi ăn cùng sữa tươi.</li>
<li>Ăn thay cho bữa sáng hoặc bữa xế và tráng miệng.</li>
</ul>
<p>&nbsp;</p>
<p>&#8211; Hướng dẫn bảo quản: Bảo quản hoặc trưng bày ở nơi khô ráo, thoáng mát.</p>
]]></content:encoded>
					
					<wfw:commentRss>http://https://github.com/nhatphi1515/nhatphi1515.github.io.git/san-pham/banh-kem-xop-ca-phe-muoi-roppy/feed/</wfw:commentRss>
			<slash:comments>0</slash:comments>
		
		
			</item>
		<item>
		<title>Bánh WAGASHI MOCHI vị Xoài &#8211; Dâu</title>
		<link>http://https://github.com/nhatphi1515/nhatphi1515.github.io.git/san-pham/banh-wagashi-mochi-vi-xoai-dau/</link>
					<comments>http://https://github.com/nhatphi1515/nhatphi1515.github.io.git/san-pham/banh-wagashi-mochi-vi-xoai-dau/#respond</comments>
		
		<dc:creator><![CDATA[admin]]></dc:creator>
		<pubDate>Tue, 02 Nov 2021 07:24:11 +0000</pubDate>
				<guid isPermaLink="false">http://https://github.com/nhatphi1515/nhatphi1515.github.io.git/?post_type=product&#038;p=1739</guid>

					<description><![CDATA[<h3>- Bánh Wasaghi Mochi Vị Xoài - Dâu 180 gram là sản phẩm cải tiến từ những loại bánh Mochi đến từ Nhật Bản, mang hương vị ngọt ngào của xoài và dâu tây, khiến cho món bánh đã ngon nay còn thanh vị hơn.</h3>
<h3>- Thương hiệu: Bibica</h3>
<h3>- Xuất xứ: Bibica (Việt Nam)</h3>]]></description>
										<content:encoded><![CDATA[<p>Mô tả cụ thể:</p>
<h3>Bánh Wasaghi Mochi Vị Xoài &#8211; Dâu 180 gram được làm từ Bột nếp, hạt sen, đường, mạch nha mứt xòai, mứt dâu tạo nên một món bánh hòa quyện những hương vị thơm ngon. .</h3>
<h3>Sản phẩm thích hợp làm thức ăn vặt, tiện lợi khi mang theo đi làm, đi chơi. Sản xuất trên dây chuyền thiết bị hiện đại của Châu Âu. Đạt tiêu chuẩn HACCP, đảm bảo các chỉ tiêu về vệ sinh an toàn thực phẩm.</h3>
<p>&#8211; Thành phần:  Bột nếp, 25% nhân hạt sen, đường, mạch nha , chất ổn định (1422), chất giứ ẩm (422), dầu tinh luyện, cơm dừa , 0,8% mứt xòai, 0,8% mứt dâu, chất nhũ hóa(322(i)), phẩm màu tự nhiên : carmin (120), curcumin (100(i), chất bảo quản (202), hương tổng hợp (xoài, dâu).</p>
<p>&#8211; Hương vị:  Bánh Wasaghi Mochi Vị Xoài &#8211; Dâu 180 gram có hương vị xoài và dâu thanh nhẹ, beo béo của bơ lạt và sữa bột, dẻo dai của vỏ ngoài mang đến cho bạn món bánh trọng vị, hấp dẫn và dẻo mịn.</p>
<p>&#8211; Khối lượng: 180 gam/hộp</p>
<p>&#8211; Hướng dẫn sử dụng:</p>
<ul>
<li>Dùng trực tiếp.</li>
<li>Ngon hơn khi cho vào ngăn mát tủ lạnh</li>
<li>Ăn thay cho bữa sáng hoặc bữa xế và tráng miệng.</li>
</ul>
<p>&nbsp;</p>
<p>&#8211; Hướng dẫn bảo quản: Bảo quản hoặc trưng bày ở nơi khô ráo, thoáng mát.</p>
<p>&nbsp;</p>
]]></content:encoded>
					
					<wfw:commentRss>http://https://github.com/nhatphi1515/nhatphi1515.github.io.git/san-pham/banh-wagashi-mochi-vi-xoai-dau/feed/</wfw:commentRss>
			<slash:comments>0</slash:comments>
		
		
			</item>
		<item>
		<title>Bánh WAGASHI MOCHI vị Hồng &#8211; Bưởi</title>
		<link>http://https://github.com/nhatphi1515/nhatphi1515.github.io.git/san-pham/banh-wagashi-mochi-vi-hong-buoi/</link>
					<comments>http://https://github.com/nhatphi1515/nhatphi1515.github.io.git/san-pham/banh-wagashi-mochi-vi-hong-buoi/#respond</comments>
		
		<dc:creator><![CDATA[admin]]></dc:creator>
		<pubDate>Tue, 02 Nov 2021 07:23:00 +0000</pubDate>
				<guid isPermaLink="false">http://https://github.com/nhatphi1515/nhatphi1515.github.io.git/?post_type=product&#038;p=1735</guid>

					<description><![CDATA[<h3>- Bánh Wasaghi Mochi Vị Hồng - Bưởi 180 gram là sản phẩm cải tiến từ những loại bánh Mochi đến từ Nhật Bản, mang hương vị ngọt ngào của hồng và bưởi, khiến cho món bánh đã ngon nay còn thanh vị hơn.</h3>
<h3>- Thương hiệu: Bibica</h3>
<h3>- Xuất xứ: Bibica (Việt Nam)</h3>]]></description>
										<content:encoded><![CDATA[<p>Mô tả cụ thể:</p>
<h3>Bánh Wasaghi Mochi Vị Hồng &#8211; Bưởi 180 gram được làm từ Bột nếp, hạt sen, đường, mạch nha mứt hồng, mứt bưởi tạo nên một món bánh hòa quyện những hương vị thơm ngon. .</h3>
<h3>Sản phẩm thích hợp làm thức ăn vặt, tiện lợi khi mang theo đi làm, đi chơi. Sản xuất trên dây chuyền thiết bị hiện đại của Châu Âu. Đạt tiêu chuẩn HACCP, đảm bảo các chỉ tiêu về vệ sinh an toàn thực phẩm.</h3>
<p>&#8211; Thành phần: Bột nếp, 25% nhân hạt sen, đường, mạch nha , chất ổn định (1422), chất giứ ẩm (422), dầu tinh luyện, cơm dừa , 0,8% hồng dẻo sấy, 0,8% vỏ bưởi, chất nhũ hóa(322(i)), hoa đậu biếc, màu tổng hợp: lycopen 160d(i)), chất bảo quản (202).</p>
<p>&#8211; Hương vị:  Bánh Wasaghi Mochi Vị Hồng &#8211; Bưởi 180 gram có hương vị hồng và bưởi thanh nhẹ, beo béo của bơ lạt và sữa bột, dẻo dai của vỏ ngoài mang đến cho bạn món bánh trọng vị, hấp dẫn và dẻo mịn.</p>
<p>&#8211; Khối lượng: 180 gam/hộp</p>
<p>&#8211; Hướng dẫn sử dụng:</p>
<ul>
<li>Dùng trực tiếp.</li>
<li>Ngon hơn khi cho vào ngăn mát tủ lạnh</li>
<li>Ăn thay cho bữa sáng hoặc bữa xế và tráng miệng.</li>
</ul>
<p>&nbsp;</p>
<p>&#8211; Hướng dẫn bảo quản: Bảo quản hoặc trưng bày ở nơi khô ráo, thoáng mát.</p>
]]></content:encoded>
					
					<wfw:commentRss>http://https://github.com/nhatphi1515/nhatphi1515.github.io.git/san-pham/banh-wagashi-mochi-vi-hong-buoi/feed/</wfw:commentRss>
			<slash:comments>0</slash:comments>
		
		
			</item>
		<item>
		<title>Bánh Cao Cấp NHẬT NGUYỆT</title>
		<link>http://https://github.com/nhatphi1515/nhatphi1515.github.io.git/san-pham/banh-cao-cap-nhat-nguyet/</link>
					<comments>http://https://github.com/nhatphi1515/nhatphi1515.github.io.git/san-pham/banh-cao-cap-nhat-nguyet/#respond</comments>
		
		<dc:creator><![CDATA[admin]]></dc:creator>
		<pubDate>Tue, 02 Nov 2021 07:20:31 +0000</pubDate>
				<guid isPermaLink="false">http://https://github.com/nhatphi1515/nhatphi1515.github.io.git/?post_type=product&#038;p=1726</guid>

					<description><![CDATA[<h3>- Bánh cao cấp Nhật Nguyệt như ánh trăng soi sáng, mang lại sự bình yên và êm ả cho đêm Trung thu trọn vẹn và đầm ấm bên gia đình.yêu thương. Với 6 vị bánh mới lạ, Nhật Nguyệt mang đến cảm giác ngon miệng, đầm ấm.</h3>
<h3>- Xuất xứ: Bibica (Việt Nam)</h3>]]></description>
										<content:encoded><![CDATA[<p>Mô tả cụ thể:</p>
<h3>Bánh cao cấp Nhật Nguyệt như ánh trăng soi sáng, mang lại sự bình yên và êm ả cho đêm Trung thu trọn vẹn và đầm ấm bên gia đình.yêu thương. Với 6 vị bánh mới lạ, Nhật Nguyệt mang đến cảm giác ngon miệng, đầm ấm.</h3>
<p>&nbsp;</p>
<p>&#8211; Mỗi hộp bánh cao cấp “Nhật Nguyệt” gồm có 6 bánh hảo hạng:</p>
<ul>
<li>Gà Quay Vi Cá</li>
<li>Hải sâm hảo hạng</li>
<li>Gà Đông tảo quay</li>
<li>Jambon Bát bửu</li>
<li>Vi cá Hải sâm</li>
<li>Tôm Wasabi</li>
</ul>
<p>&#8211; Đóng gói: 80 gam/gói &#8211; 06 gói/hộp &#8211; 480 gam/hộp.</p>
<p>&#8211; Hướng dẫn sử dụng:</p>
<ul>
<li>Dùng trực tiếp.</li>
<li>Ăn thay cho bữa sáng hoặc bữa xế và có thể ăn kèm: như sữa, sữa chua, phô mai,&#8230;</li>
</ul>
<p>&#8211; Hướng dẫn bảo quản: Bảo quản hoặc trưng bày ở nơi khô ráo, thoáng mát.</p>
]]></content:encoded>
					
					<wfw:commentRss>http://https://github.com/nhatphi1515/nhatphi1515.github.io.git/san-pham/banh-cao-cap-nhat-nguyet/feed/</wfw:commentRss>
			<slash:comments>0</slash:comments>
		
		
			</item>
		<item>
		<title>Bánh cao cấp THU NGUYỆT</title>
		<link>http://https://github.com/nhatphi1515/nhatphi1515.github.io.git/san-pham/banh-cao-cap-thu-nguyet/</link>
					<comments>http://https://github.com/nhatphi1515/nhatphi1515.github.io.git/san-pham/banh-cao-cap-thu-nguyet/#respond</comments>
		
		<dc:creator><![CDATA[admin]]></dc:creator>
		<pubDate>Tue, 02 Nov 2021 07:15:30 +0000</pubDate>
				<guid isPermaLink="false">http://https://github.com/nhatphi1515/nhatphi1515.github.io.git/?post_type=product&#038;p=1718</guid>

					<description><![CDATA[- Bánh cao cấp Thu Nguyệt 720 lấy cảm hứng từ bầu trời đêm sao, có trăng tròn tỏa sáng giữa mùa thu. Với 4 vị bánh hảo hạng mang mỗi nét riêng, bánh Thu Nguyệt  trọn vị đêm trăng rằm.

- Xuất xứ: Bibica (Việt Nam)]]></description>
										<content:encoded><![CDATA[<p>Mô tả cụ thể:</p>
<p>Thu Nguyệt lấy cảm hứng từ bầu trời đêm đầy sao, một vầng sáng tròn vành vạnh như đổ khuôn, ánh trăng mùa thu như mật vàng, ngọt lịm tuôn tràn xuống mọi ngõ ngách khiến từng lá cây, ngọn cỏ đều sáng lung linh, bình thản ngồi lại bên nhau cùng Thu Nguyệt, ngắm trăng trong đêm yên tĩnh mới thấy lạ làm sao, trăng như tròn hơn, sáng hơn, thanh cao hơn. Kiểu dáng đóng gói đa dạng: Thu Cúc, Tango trọng vị đêm trăng rằm.</p>
<p>&nbsp;</p>
<p>&#8211; Mỗi hộp bánh cao cấp “Thu Nguyệt” gồm có 4 bánh hảo hạng:</p>
<ul>
<li>Hải sâm hảo hạng</li>
<li>Gà Đông tảo quay</li>
<li>Đậu xanh &#8211; Hạnh nhân</li>
<li>Hạt sen &#8211; Cranberry</li>
</ul>
<p>&#8211; Thành phần Bánh trung thu nhân Hải sâm hảo hạng:</p>
<p>Bột mì, mạch nha, 3.6%hải sâm, trứng vịt muối, mứt bí, mứt chanh, mứt gừng, lá chanh, mỡ heo, lạp xưởng, jambon, dầu tinh luyện, bột nếp, hạt mè, hạt điều, hạt dưa, dầu mè đen, muối I-ốt, chất bảo quản (E202), chất tạo xốp (E500(ii)), hương (thịt nướng, vani) tổng hợp, màu thực phẩm (E129) tổng hợp.</p>
<p>&#8211; Thành phần Bánh trung thu Gà Đông tảo quay:</p>
<p>Bột mì, mạch nha (tinh bột sắn, muối I-ốt, nước), đường, trứng vịt muối, jambon, lạp xưởng, mứt bí, mứt chanh, mứt gừng, lá chanh, bột nếp, dầu olein tinh luyện, 0,9% thịt gà Đông tảo quay, mỡ heo, hạt mè, hạt điều, hạt dưa, dầu mè đen, muối I-ốt, chất bảo quản (E202), chất tạo xốp (E500(ii)), hương (vani, thịt, gà) tổng hợp, phẩm màu tổng hợp(E129).</p>
<p>&#8211; Thành phần Bánh trung thu Đậu xanh Tảo Spirulina:</p>
<p>Bột mì, đường,  mạch nha (tinh bột sắn, muối I-ốt, nước), 20% Đậu xanh, trứng vịt muối,  dầu olein tinh luyện, 0.5%  tảo Spirulina, muối I-ốt, chất giữ ẩm (glycerol), chất tạo ngọt tổng hợp(sorbitol), hương (đậu xanh, vani) tổng hợp, chất bảo quản (E202, E200).</p>
<p>&#8211; Thành phần Bánh trung thu Sôcôla &#8211; Hạnh nhân:</p>
<p>Bột mì, 4,3% hạnh nhân, 1,2% bột cacao, mạch nha, dầu tinh luyện, hạt sen, trứng vịt muối, chất bảo quản (E202), chất tạo xốp (E500(ii)), hương (vani, sô cô la) tổng hợp.</p>
<p>&#8211; Đóng gói: 180 gam/gói &#8211; 04 gói/hộp &#8211; 720 gam/hộp.</p>
<p>&#8211; Hướng dẫn sử dụng:</p>
<ul>
<li>Dùng trực tiếp.</li>
<li>Ăn thay cho bữa sáng hoặc bữa xế và có thể ăn kèm: như sữa, sữa chua, phô mai,&#8230;</li>
</ul>
<p>&#8211; Hướng dẫn bảo quản: Bảo quản hoặc trưng bày ở nơi khô ráo, thoáng mát.</p>
]]></content:encoded>
					
					<wfw:commentRss>http://https://github.com/nhatphi1515/nhatphi1515.github.io.git/san-pham/banh-cao-cap-thu-nguyet/feed/</wfw:commentRss>
			<slash:comments>0</slash:comments>
		
		
			</item>
		<item>
		<title>Bánh Cao Cấp ÁNH NGUYỆT</title>
		<link>http://https://github.com/nhatphi1515/nhatphi1515.github.io.git/san-pham/banh-cao-cap-anh-nguyet/</link>
					<comments>http://https://github.com/nhatphi1515/nhatphi1515.github.io.git/san-pham/banh-cao-cap-anh-nguyet/#comments</comments>
		
		<dc:creator><![CDATA[admin]]></dc:creator>
		<pubDate>Tue, 02 Nov 2021 07:12:53 +0000</pubDate>
				<guid isPermaLink="false">http://https://github.com/nhatphi1515/nhatphi1515.github.io.git/?post_type=product&#038;p=1709</guid>

					<description><![CDATA[<h3>- Bánh cao cấp Ánh Nguyệt 480 gam mang trọn tình yêu thiên nhiên, được lấy cảm hứng từ vườn hoa dưới ánh trăng. Với 6 vị bánh mang mỗi nét đẹp riêng, bánh Ánh Nguyệt trọn vị yêu thương.</h3>
<h3>- Xuất xứ: Bibica (Việt Nam)</h3>]]></description>
										<content:encoded><![CDATA[<p>Mô tả cụ thể:</p>
<p>Ánh Nguyệt lấy cảm hứng từ vườn hoa dưới ánh trăng làm chủ đề chính. Những chiếc bánh như những bông hoa tỏa hương rực rỡ trong vườn được ánh trăng soi chiếu tạo nên vẻ đẹp lấp lánh làm khu vườn bừng sáng một cách diệu kỳ. Bánh cao cấp Ánh Nguyệt 480 gam mang trọn tình yêu thiên nhiên, thích hợp làm quà rất sang trọng.</p>
<p>&nbsp;</p>
<p>&#8211; Mỗi hộp bánh cao cấp “Ánh Nguyệt” gồm có 6 bánh hảo hạng:</p>
<ul>
<li>Mứt dừa-hạt sen</li>
<li>Mứt gừng-hạt sen</li>
<li>Mứt cà rốt-hạt sen</li>
<li>Mứt khoai môn-hạt sen</li>
<li>Mứt củ dền-hạt sen</li>
<li>Mứt củ sen-hạt sen</li>
</ul>
<p>&#8211; Đóng gói: 80 gam/gói &#8211; 06 gói/hộp &#8211; 480 gam/hộp.</p>
<p>&#8211; Hướng dẫn sử dụng:</p>
<ul>
<li>Dùng trực tiếp.</li>
<li>Ăn thay cho bữa sáng hoặc bữa xế và có thể ăn kèm: như sữa, sữa chua, phô mai,&#8230;</li>
</ul>
<p>&#8211; Hướng dẫn bảo quản: Bảo quản hoặc trưng bày ở nơi khô ráo, thoáng mát.</p>
]]></content:encoded>
					
					<wfw:commentRss>http://https://github.com/nhatphi1515/nhatphi1515.github.io.git/san-pham/banh-cao-cap-anh-nguyet/feed/</wfw:commentRss>
			<slash:comments>1</slash:comments>
		
		
			</item>
		<item>
		<title>Bánh Hura Deli hương Bơ &#8211; Sữa</title>
		<link>http://https://github.com/nhatphi1515/nhatphi1515.github.io.git/san-pham/banh-hura-deli-huong-bo-sua/</link>
					<comments>http://https://github.com/nhatphi1515/nhatphi1515.github.io.git/san-pham/banh-hura-deli-huong-bo-sua/#respond</comments>
		
		<dc:creator><![CDATA[admin]]></dc:creator>
		<pubDate>Tue, 02 Nov 2021 07:09:54 +0000</pubDate>
				<guid isPermaLink="false">http://https://github.com/nhatphi1515/nhatphi1515.github.io.git/?post_type=product&#038;p=1707</guid>

					<description><![CDATA[<h3>- Bánh Hura Deli Hương Bơ - Sữa với lớp bông lan bên ngoài xốp, phồng dai ngon không bị cứng bánh. Hòa quyện trong lớp kem vị bơ sữa ngọt thanh, béo ngậy.</h3>
<h3>- Thương hiệu: Deli</h3>
<h3>- Xuất xứ: Bibica (Việt Nam)</h3>]]></description>
										<content:encoded><![CDATA[<p>Mô tả cụ thể:</p>
<p>Bánh Hura Deli Hương Bơ Sữa với lớp bông lan bên ngoài xốp, phồng dai ngon không bị cứng bánh. Bánh bông lan hương cốm Hura Deli hộp 168g (6 cái) còn có lớp kem vị sữa ngọt thanh, béo ngậy cuộn bên trong hấp dẫn. Bánh bông lan Hura chất lượng, thích hợp làm quà hoặc ăn vặt gia đình.</p>
<p>&#8211; Thành phần: Bột mì, đường, trứng, chất béo thực vật (shortening, dầu olein tinh luyện), mạch nha, bơ, sữa bột, chất giữ ẩm (E422, E420(i)), chất nhũ hóa (E471), nước, tinh bột bắp, chất tạo xốp (E500(ii), E503(ii)), muối, sô-cô-la compound trắng, hương (cốm, bơ, vani) tổng hợp, chất bảo quản (E202), chất làm dày (E415), chất điều chỉnh độ axit (E330), phẩm màu tổng hợp (E160a(i), E129).</p>
<p>&#8211; Năng lượng:</p>
<ul>
<li>356 &#8211; 650,8 kcal</li>
<li>Chất béo: 24 &#8211; 44 g</li>
<li>Carbohydrate: 31,5 &#8211; 57,5 g</li>
<li>Protein : 3,5 &#8211; 6,2 g</li>
</ul>
<p>&#8211; Hương vị:Bánh Hura Deli vị bơ sữa thơm ngon, hấp dẫn.</p>
<p>&#8211; Đóng gói: 28 gam/gói &#8211; 06 gói/hộp &#8211; 168 gam/hộp &#8211; 10 hộp/thùng</p>
<p>&#8211; Hướng dẫn sử dụng:</p>
<ul>
<li>Dùng trực tiếp.</li>
<li>Ăn thay cho bữa sáng hoặc bữa xế và có thể ăn kèm: như sữa, sữa chua, phô mai,&#8230;</li>
</ul>
<p>&#8211; Hướng dẫn bảo quản: Bảo quản hoặc trưng bày ở nơi khô ráo, thoáng mát.</p>
]]></content:encoded>
					
					<wfw:commentRss>http://https://github.com/nhatphi1515/nhatphi1515.github.io.git/san-pham/banh-hura-deli-huong-bo-sua/feed/</wfw:commentRss>
			<slash:comments>0</slash:comments>
		
		
			</item>
		<item>
		<title>Bánh Hura Deli hương Cốm &#8211; Dừa</title>
		<link>http://https://github.com/nhatphi1515/nhatphi1515.github.io.git/san-pham/banh-hura-deli-huong-com-dua/</link>
					<comments>http://https://github.com/nhatphi1515/nhatphi1515.github.io.git/san-pham/banh-hura-deli-huong-com-dua/#respond</comments>
		
		<dc:creator><![CDATA[admin]]></dc:creator>
		<pubDate>Tue, 02 Nov 2021 07:08:36 +0000</pubDate>
				<guid isPermaLink="false">http://https://github.com/nhatphi1515/nhatphi1515.github.io.git/?post_type=product&#038;p=1702</guid>

					<description><![CDATA[<h3>- Bánh Hura Deli Hương Cốm với lớp bông lan bên ngoài xốp, phồng dai ngon không bị cứng bánh. Hòa quyện trong lớp kem hương cốm ngọt thanh, béo ngậy.</h3>
<h3>- Thương hiệu: Deli</h3>
<h3>- Xuất xứ: Bibica (Việt Nam)</h3>]]></description>
										<content:encoded><![CDATA[<p>Mô tả cụ thể:</p>
<p>Bánh Hura Deli Hương Cốm với lớp bông lan bên ngoài xốp, phồng dai ngon không bị cứng bánh. Bánh bông lan hương cốm Hura Deli hộp 168g (6 cái) còn có lớp kem hương cốm ngọt thanh, béo ngậy cuộn bên trong hấp dẫn. Bánh bông lan Hura chất lượng, thích hợp làm quà hoặc ăn vặt gia đình.</p>
<p>&#8211; Thành phần: Bột mì, đường, trứng, chất béo thực vật (shortening, dầu olein tinh luyện), mạch nha, bơ, sữa bột, chất giữ ẩm (E422, E420(i)), chất nhũ hóa (E471), nước, tinh bột bắp, chất tạo xốp (E500(ii), E503(ii)), muối, sô-cô-la compound trắng, hương (cốm, bơ, vani) tổng hợp, chất bảo quản (E202), chất làm dày (E415), chất điều chỉnh độ axit (E330), phẩm màu tổng hợp (E160a(i), E129).</p>
<p>&#8211; Năng lượng:</p>
<ul>
<li>356 &#8211; 650,8 kcal</li>
<li>Chất béo: 24 &#8211; 44 g</li>
<li>Carbohydrate: 31,5 &#8211; 57,5 g</li>
<li>Protein : 3,5 &#8211; 6,2 g</li>
</ul>
<p>&#8211; Hương vị:Bánh Hura Deli với hương cốm thơm ngon, hấp dẫn.</p>
<p>&#8211; Đóng gói: 28 gam/gói &#8211; 06 gói/hộp &#8211; 168 gam/hộp &#8211; 10 hộp/thùng</p>
<p>&#8211; Hướng dẫn sử dụng:</p>
<ul>
<li>Dùng trực tiếp.</li>
<li>Ăn thay cho bữa sáng hoặc bữa xế và có thể ăn kèm: như sữa, sữa chua, phô mai,&#8230;</li>
</ul>
<p>&#8211; Hướng dẫn bảo quản: Bảo quản hoặc trưng bày ở nơi khô ráo, thoáng mát.</p>
]]></content:encoded>
					
					<wfw:commentRss>http://https://github.com/nhatphi1515/nhatphi1515.github.io.git/san-pham/banh-hura-deli-huong-com-dua/feed/</wfw:commentRss>
			<slash:comments>0</slash:comments>
		
		
			</item>
	</channel>
</rss>
