<?xml version="1.0" encoding="UTF-8"?><rss version="2.0"
	xmlns:content="http://purl.org/rss/1.0/modules/content/"
	xmlns:wfw="http://wellformedweb.org/CommentAPI/"
	xmlns:dc="http://purl.org/dc/elements/1.1/"
	xmlns:atom="http://www.w3.org/2005/Atom"
	xmlns:sy="http://purl.org/rss/1.0/modules/syndication/"
	xmlns:slash="http://purl.org/rss/1.0/modules/slash/"
	>

<channel>
	<title>Chưa phân loại &#8211; Bibica</title>
	<atom:link href="http://https://github.com/nhatphi1515/nhatphi1515.github.io.git/category/khong-phan-loai/feed/" rel="self" type="application/rss+xml" />
	<link>http://https://github.com/nhatphi1515/nhatphi1515.github.io.git</link>
	<description></description>
	<lastBuildDate>Tue, 07 Dec 2021 03:18:25 +0000</lastBuildDate>
	<language>vi</language>
	<sy:updatePeriod>
	hourly	</sy:updatePeriod>
	<sy:updateFrequency>
	1	</sy:updateFrequency>
	<generator>https://wordpress.org/?v=5.8.2</generator>
	<item>
		<title>7 cách làm ngũ cốc ăn sáng tại nhà giúp bạn thon thả hơn</title>
		<link>http://https://github.com/nhatphi1515/nhatphi1515.github.io.git/2021/10/18/7-cach-lam-ngu-coc-an-sang-tai-nha-giup-ban-thon-tha-hon/</link>
					<comments>http://https://github.com/nhatphi1515/nhatphi1515.github.io.git/2021/10/18/7-cach-lam-ngu-coc-an-sang-tai-nha-giup-ban-thon-tha-hon/#respond</comments>
		
		<dc:creator><![CDATA[admin]]></dc:creator>
		<pubDate>Mon, 18 Oct 2021 19:17:09 +0000</pubDate>
				<category><![CDATA[Chưa phân loại]]></category>
		<guid isPermaLink="false">http://https://github.com/nhatphi1515/nhatphi1515.github.io.git/?p=1508</guid>

					<description><![CDATA[Bạn ao ước có vóc dáng thon gọn nhưng vẫn muốn đảm bảo chất lượng mỗi bữa ăn? Vậy hãy thử học ngay cách làm ngũ cốc ăn sáng vừa bổ dưỡng lại không lo tăng cân mà Hello Bacsi gợi ý sau đây nhé! Nếu ưa thích ăn ngũ cốc vào mỗi sáng nhưng [&#8230;]]]></description>
										<content:encoded><![CDATA[
<p><strong>Bạn ao ước có vóc dáng thon gọn nhưng vẫn muốn đảm bảo chất lượng mỗi bữa ăn? Vậy hãy thử học ngay cách làm ngũ cốc ăn sáng vừa bổ dưỡng lại không lo tăng cân mà Hello Bacsi gợi ý sau đây nhé!</strong></p>



<p>Nếu ưa thích ăn ngũ cốc vào mỗi sáng nhưng lại cảm thấy ngán ngẩm vì hương vị quen thuộc của loại ngũ cốc mua tại siêu thị, đã đến lúc bạn nên tìm đến những công thức chế biến mới. Hãy thử tìm hiểu 7 cách làm ngũ cốc ăn sáng tại nhà sau đây để thay đổi khẩu vị thường xuyên, đồng thời đảm bảo dinh dưỡng cho bữa sáng nhé.</p>



<h2><strong>1. Ngũ cốc hạt diêm mạch và quế táo</strong></h2>



<p>Bạn có thể bắt đầu ngày mới thật nhẹ nhàng bằng việc chọn món ngũ cốc hạt diêm mạch và quế táo cho bữa ăn sáng. Trong số các thành phần của món ăn thì hạt diêm mạch (hay còn gọi là quinoa) được coi là “siêu thực phẩm” mang lại nhiều giá trị sức khỏe đáng kinh ngạc. Hơn thế nữa, loại ngũ cốc này còn sở hữu lượng canxi dồi dào hơn cả gạo, lúa mì cùng thành phần chất đạm, chất xơ vượt trội hơn <a href="https://hellobacsi.com/an-uong-lanh-manh/thong-tin-dinh-duong/cac-loai-ngu-coc-nguyen-hat/">các loại ngũ cốc</a> khác. Cùng vào bếp ngay để trổ tài làm món ăn vừa ngon vừa “thân thiện” với dáng vóc qua công thức cực đơn giản sau:</p>



<h3><strong>Nguyên liệu</strong></h3>



<ul><li>3/4 chén sữa ít béo</li><li>2/3 chén táo đã cắt nhỏ, chia làm 2 phần</li><li>1/4 chén hạt diêm mạch</li><li>1/4 thìa cà phê bột quế</li><li>1/8 thìa cà phê muối</li><li>4 thìa cà phê hạnh nhân băm vụn</li><li>1/2 thìa cà phê mật ong</li></ul>



<h3><strong>Chế biến</strong></h3>



<p>Hòa tan sữa tươi, 1/3 chén táo, hạt diêm mạch, quế và muối trong một cái chảo nhỏ. Khuấy đều hỗn hợp cho đến khi sôi hoàn toàn. Sau đó, đậy nắp kín lại và đun ở mức lửa nhỏ cho đến khi nước cô đặc hoàn toàn, trong vòng khoảng 12 phút.</p>



<p>Để yên trong vòng 5 phút. Sau đó, lấy ngũ cốc vừa chế biến cho ra đĩa, phủ thêm táo tươi, hạnh nhân và mật ong trước khi thưởng thức.</p>



<h2><strong>2. Ngũ cốc yến mạch và quế táo</strong></h2>



<p>Yến mạch là một trong những loại ngũ cốc dinh dưỡng và được dùng khá phổ biến, bạn hãy thử đổi vị một chút cho món yến mạch đơn giản mà bạn hay làm bằng công thức dưới đây nhé.</p>



<h3><strong>Nguyên liệu</strong></h3>



<ul><li>6 quả táo cỡ vừa, lột sẵn vỏ nếu thích và thái hột lựu vừa ăn</li><li>1/4 chén đường đường nâu, điều chỉnh tùy theo khẩu vị của bạn</li><li>1 thìa súp bột quế</li><li>1/2 thìa cà phê bột nhục đậu khấu</li><li>Một ít muối</li><li>1 thìa súp nước cốt chanh</li><li>2 chén yến mạch hạt tấm</li><li>2 chén sữa tách béo</li><li>2 quả trứng</li><li>1 chén rưỡi nước</li></ul>



<h3><strong>Chế biến</strong></h3>



<p>• Bôi ít dầu vào bên trong nồi nấu chậm. Nồi nấu chậm (slow cooker hoặc crock-pot) là một loại nồi dùng điện năng để làm chín thức ăn trong thời gian dài hơn so với những loại nồi khác.</p>



<p>• Cho táo vào một cái tô cùng với đường, bột quế, bột nhục đậu khấu, ít muối. Cho nước cốt chanh vào sau cùng.</p>



<p>• Khuấy đều hỗn hợp và cho hết vào nồi nấu chậm.</p>



<p>• Trong lúc đó, cho thêm sữa, trứng gà và nước vào một cái tô và khuấy đều cho đến khi hỗn hợp mịn hẳn. Sau đó, rưới hết hỗn hợp vào nồi nấu chậm.</p>



<p>• Bật chế độ nấu chậm trong vòng 8 tiếng hoặc chế độ nấu nhanh trong vòng 4–5 tiếng. Bạn có thể chế biến sẵn ngũ cốc vào buổi tối và dùng bữa vào sáng hôm sau.</p>



<h2><strong>3. Ngũ cốc yến mạch và sữa dừa</strong></h2>



<p>Nếu đã chán ngấy vị quế táo, bạn nên thử chuyển sang dùng món ngũ cốc yến mạch sữa dừa nhé. Sự hòa quyện giữa vị béo ngậy của dừa và sữa đảm bảo sẽ khiến bạn thích mê.</p>



<h3><strong>Nguyên liệu</strong></h3>



<ul><li>1/3 chén yến mạch hạt tấm</li><li>1/3 chén sữa dừa không đường</li><li>Một ít muối</li><li>1/3 chén mơ khô</li><li>1 thìa súp hạt phỉ</li><li>1 thìa cà phê siro phong</li></ul>



<h3><strong>Chế biến</strong></h3>



<p>Cho yến mạch, sữa dừa và muối vào một cái tô và trộn đều. Dùng bọc thực phẩm bọc kín tô và để trong tủ lạnh qua đêm. Sáng hôm sau, bạn hãy hâm nóng lại nếu muốn. Sau đó, cho thêm mơ khô, hạt phỉ và siro phong vào tô và bạn sẽ thưởng thức món ngũ cốc đầy dinh dưỡng mà không kém phần ngon miệng.</p>



<h2><strong>4. Ngũ cốc yến mạch và việt quất</strong></h2>



<p>Quả việt quất có vị thanh mát, ăn rất ngon, dễ gây nghiện sẽ tăng thêm hương vị thơm ngon cho món ngũ cốc ăn sáng của bạn đó.</p>



<h3><strong>Nguyên liệu</strong></h3>



<ul><li>1 chén sữa tươi ít béo</li><li>1/2 chén yến mạch hạt tấm</li><li>1 thìa cà phê siro phong hoặc mật ong tùy theo khẩu vị</li><li>5 lát xoài tươi</li><li>15 quả việt quất</li><li>3–5 quả mâm xôi</li></ul>



<h3><strong>Chế biến</strong></h3>



<p>• Cho sữa, bột yến mạch vào một cái chảo nhỏ và đun sôi ở nhiệt độ vừa.</p>



<p>• Sau khi sữa đã sôi, giảm dần nhiệt độ và đun ở mức lửa nhỏ. Trong lúc này, bạn nên thường xuyên khuấy hỗn hợp đều tay cho đến khi sữa cô đặc lại, khoảng 5 phút.</p>



<p>• Cho thêm siro hoặc mật ong vào và cho ra một cái tô. Trang trí lên trên vài lát xoài, quả việt quất cùng với mâm xôi.</p>



<h2><strong>5. Ngũ cốc sữa chua với mâm xôi và <a href="https://hellobacsi.com/thuoc/fresubin-2kcal-fibre-drink-capuccinochocolate/">chocolate</a></strong></h2>



<p>Món ngũ cốc ăn sáng này là lựa chọn vô cùng sáng suốt dành cho bạn, bởi nó cung cấp nguồn năng lượng dồi dào cho mọi hoạt động trong ngày nhờ sự kết hợp giữa nhiều loại thực phẩm tốt cho sức khỏe. Bật mí thêm bên cạnh vẻ ngoài “trông đã muốn ăn ngay”, quả mâm xôi hay phúc bồn tử còn mang lại vô số lợi ích cho sức khỏe chẳng hạn như: tăng cường hệ miễn dịch, cải thiện trí nhớ và thúc đẩy tuần hoàn máu …</p>



<h3><strong>Nguyên liệu</strong></h3>



<ul><li>1 chén sữa chua trắng không béo</li><li>1/2 chén ngũ cốc lúa mạch hạt vụn</li><li>1/2 chén quả mâm xôi tươi</li><li>2 thìa cà phê chocolate loại viên nhỏ</li><li>1 thìa cà phê hạt bí đỏ</li><li>1/4 thìa cà phê bột quế</li></ul>



<h3><strong>Chế biến</strong></h3>



<p>Cho sữa chua vào một cái tô và thêm vào ngũ cốc, mâm xôi, chocolate vụn, hạt bí đỏ cùng bột quế. Trộn đều lên và bạn đã có thể thưởng thức bữa sáng dinh dưỡng mà vô cùng tiện lợi.</p>



<h2><strong>6. Ngũ cốc pudding hạt chia và hạnh nhân</strong></h2>



<p>Với những ai cần bữa ăn sáng nhanh gọn, đủ chất thì không nên bỏ qua món ngũ cốc pudding này. Lý do vì bạn chỉ mất khoảng 10 phút để chuẩn bị, thậm chí là có thể làm sẵn từ hôm trước. Nhờ khả năng trương nở trong nước của <a href="https://hellobacsi.com/an-uong-lanh-manh/che-do-an-kieng-va-quan-ly-can-nang/hat-chia-co-gian-can-khong/">hạt chia</a> mà món ăn này sẽ có dạng gel trông khá bắt mắt và khơi dậy cảm giác thèm ăn trong bạn.</p>



<h3><strong>Nguyên liệu</strong></h3>



<ul><li>1/2 chén sữa hạnh nhân không đường (bạn có thể đổi sang loại sữa trái cây khác)</li><li>2 thìa súp hạt chia</li><li>2 thìa cà phê siro phong nguyên chất</li><li>1/8 thìa cà phê tinh chất hạnh nhân</li><li>1/2 chén việt quất tươi đã rửa sạch, chia làm 2 phần</li><li>1 thìa súp hạt hạnh nhân nướng, chia làm 2 phần</li></ul>



<h3><strong>Chế biến</strong></h3>



<p>• Cho sữa hạnh nhân, hạt chia, siro phong và tinh chất hạnh nhân vào trong một cái tô. Khuấy đều cho đến khi hỗn hợp hòa quyện hoàn toàn, sau đó dùng bọc thực phẩm bọc kín miệng tô và để trong tủ lạnh tối thiểu 8 tiếng, hoặc lên đến 3 ngày.</p>



<p>• Trước khi ăn, hãy lấy tô ra và khuấy đều lại lần nữa. Cho thêm vào món pudding nửa phần việt quất và hạnh nhân còn lại vào. Thế là bạn đã có thể thưởng thức ngay rồi đấy!</p>



<h2><strong>7. Ngũ cốc hạnh nhân, óc chó và mật ong</strong></h2>



<p>Loại ngũ cốc này được chế biến phức tạp hơn một chút, tuy nhiên cũng là một gợi ý không tồi để bạn có thể đổi vị vào những ngày cuối tuần thư thả.</p>



<h3><strong>Nguyên liệu</strong></h3>



<ul><li>4 chén yến mạch hạt tấm</li><li>1/4 chén quả óc chó thô, đập vụn</li><li>¼ chén hạt hạnh nhân thô, đập vụn</li><li>1 thìa cà phê bột quế</li><li>1/3 chén mật ong nguyên chất</li><li>1/3 chén dầu dừa</li></ul>



<h3><strong>Chế biến</strong></h3>



<p>• Làm nóng lò nướng ở nhiệt độ 325<sup>o</sup>.</p>



<p>• Sử dụng một cái tô lớn để trộn đều các nguyên liệu khô lại, bao gồm quả óc chó, hạnh nhân, yến mạch, bột quế.</p>



<p>• Cho dầu dừa và mật ong vào một cái chén nhỏ và khuấy đều tay trước khi rưới vào tô ngũ cốc.</p>



<p>• Trộn đều cho đến khi ngũ cốc đã thấm đều nước sốt.</p>



<p>• Trải đều ngũ cốc ra trên khay nướng. Sau đó, bỏ vào lò nướng và lấy ra khuấy đều mỗi 10 phút cho đến khi ngũ cốc chuyển sang màu vàng nâu. Quá trình có thể mất khoảng 25–30 phút. Sau đó, lấy ngũ cốc ra khỏi lò và để nguội tự nhiên ở nhiệt độ phòng.</p>



<p>Bảo quản ở trong hộp hoặc hũ đậy kín. Lấy ra ăn mỗi khi cần và nếu muốn, hãy rắc thêm một ít <a href="https://hellobacsi.com/an-uong-lanh-manh/thong-tin-dinh-duong/trai-cay-say-kho/">trái cây sấy khô</a> lên ngũ cốc trước khi cho sữa ít béo vào.</p>
]]></content:encoded>
					
					<wfw:commentRss>http://https://github.com/nhatphi1515/nhatphi1515.github.io.git/2021/10/18/7-cach-lam-ngu-coc-an-sang-tai-nha-giup-ban-thon-tha-hon/feed/</wfw:commentRss>
			<slash:comments>0</slash:comments>
		
		
			</item>
		<item>
		<title>Sự khác biệt giữa bánh trung thu truyền thống và hiện đại</title>
		<link>http://https://github.com/nhatphi1515/nhatphi1515.github.io.git/2021/10/18/su-khac-biet-giua-banh-trung-thu-truyen-thong-va-hien-dai/</link>
					<comments>http://https://github.com/nhatphi1515/nhatphi1515.github.io.git/2021/10/18/su-khac-biet-giua-banh-trung-thu-truyen-thong-va-hien-dai/#comments</comments>
		
		<dc:creator><![CDATA[admin]]></dc:creator>
		<pubDate>Mon, 18 Oct 2021 19:14:53 +0000</pubDate>
				<category><![CDATA[Chưa phân loại]]></category>
		<guid isPermaLink="false">http://https://github.com/nhatphi1515/nhatphi1515.github.io.git/?p=1505</guid>

					<description><![CDATA[2.1. Bánh trung thu vị truyền thống Bánh trung thu truyền thống được làm từ những nguyên liệu vô cùng gần gũi, thân quen trong đời sống như lạp xưởng, thịt nạc, mỡ đường, vừng rang, hạt bí, hạt lạc. Dù đơn giản như vậy nhưng trải qua bao năm vẫn làm say lòng bao [&#8230;]]]></description>
										<content:encoded><![CDATA[
<h3 id="2.1.+Bánh+trung+thu+vị+truyền+thống">2.1. Bánh trung thu vị truyền thống</h3>



<p>Bánh trung thu truyền thống được làm từ những nguyên liệu vô cùng gần gũi, thân quen trong đời sống như lạp xưởng, thịt nạc, mỡ đường, vừng rang, hạt bí, hạt lạc. Dù đơn giản như vậy nhưng trải qua bao năm vẫn làm say lòng bao thế hệ người Việt Nam.&nbsp;</p>



<figure class="wp-block-image"><img src="https://statics.vinpearl.com/banh-trung-thu-truyen-thong-5_1630997793.jpg" alt="Bánh trung thu truyền thống "/></figure>



<p><em>Nhân bánh trung thu truyền thống trông vô cùng hấp dẫn (Ảnh: Sưu tầm)</em></p>



<p>Để tạo nên những chiếc bánh đậm đà hương vị cổ truyền thì ngay từ khâu chọn nguyên liệu, người thợ làm bánh phải thật cẩn thận, kỹ càng để chọn ra những nguyên liệu tươi ngon nhất. Mỗi nhà làm bánh lại có một công thức gia truyền khác nhau, bởi vậy bánh trung thu truyền thống có hương vị đặc trưng rất riêng mà không ở đâu giống đâu cả.</p>



<h3 id="2.2.+Bánh+trung+thu+hiện+đại ">2.2. Bánh trung thu hiện đại&nbsp;</h3>



<p>Nếu như ngày trước chỉ có bánh trung thu truyền thống thì ngày nay có rất nhiều loại bánh trung thu hiện đại nhằm đáp ứng nhu cầu thưởng thức của thực khách.</p>



<figure class="wp-block-image"><img src="https://statics.vinpearl.com/banh-trung-thu-truyen-thong-6_1630997829.jpg" alt="Bánh trung thu truyền thống "/></figure>



<p><em>Bánh trung thu hiện đại được biến tấu với nhiều hương vị, kiểu dáng khác nhau (Ảnh: Sưu tầm)</em></p>



<ul><li><strong>Bánh trung thu mặn</strong></li></ul>



<p>Chắc hẳn bánh trung thu mặn không còn xa lạ với nhiều người. Bánh có nhiều hương vị và nhân bánh cũng vô cùng đa dạng. Người làm bánh có thể kết hợp các loại nhân như: thập cẩm, gà quay, lạp xưởng, xá xíu, gà quay jambon kèm với trứng muối. Vị mặn mà của nhân cùng với vị ngọt thơm của vỏ bánh chắc chắn sẽ đem lại cho khách hàng một hương vị tuyệt hảo.</p>



<figure class="wp-block-image"><img src="https://statics.vinpearl.com/banh-trung-thu-truyen-thong-7_1630997858.jpg" alt="Bánh trung thu truyền thống "/></figure>



<p><em>Nhân trứng muối mặn mà, thơm ngon càng làm chiếc bánh trở nên hấp dẫn hơn&nbsp;</em></p>



<ul><li><strong>Bánh trung thu chay</strong></li></ul>



<p>Những năm gần đây, nhu cầu về những dòng bánh trung thu chay ngày càng được nhiều người lựa chọn. Thay vì vị béo ngậy của dầu mỡ có trong bánh trung thu mặn hay nhân thập cẩm thì mọi người thích hương vị thanh nhẹ từ những loại nhân chay hơn. Nguyên liệu làm bánh trung thu chay chủ yếu là từ đậu xanh, hạt sen, nhân dứa, khoai môn, sữa dừa, trà xanh. Bởi vậy ăn bánh sẽ có hương vị thanh đạm, nhẹ nhàng mà không hề có cảm giác bị ngấy.&nbsp;</p>



<ul><li><strong>Bánh trung thu tươi</strong></li></ul>



<p>Bánh trung thu tươi có lẽ là dòng bánh khá mới mẻ với nhiều người. So với bánh trung thu truyền thống thì bánh trung thu tươi được cách tân nhiều về kiểu dáng và cả nguyên liệu làm bánh. Bạn sẽ vô cùng bất ngờ bởi các loại rau câu hoa quả cũng là nguyên liệu để làm bánh. Những chiếc bánh với đầy đủ màu sắc sặc sỡ vì thế mà trông vô cùng bắt mắt và hấp dẫn khách hàng.&nbsp;</p>



<figure class="wp-block-image"><img src="https://statics.vinpearl.com/banh-trung-thu-truyen-thong-8_1630997887.jpg" alt="Bánh trung thu truyền thống "/></figure>



<p><em>Bạn sẽ không muốn rời mắt khi ngắm nhìn những chiếc bánh tràn đầy màu sắc này (Ảnh: Sưu tầm)</em></p>



<ul><li><strong>Bánh trung thu rau câu</strong></li></ul>



<p>Bánh trung thu rau câu là dòng bánh được nhiều người yêu thích hiện nay bởi có vị thanh mát và màu sắc thì vô cùng nổi bật. Khác với bánh truyền thống, dòng bánh này được làm từ các loại thạch rau câu khiến bánh thơm ngon, mát lạnh và đặc biệt là không hề ngấy chút nào.&nbsp;</p>



<figure class="wp-block-image"><img src="https://statics.vinpearl.com/banh-trung-thu-truyen-thong-02_1631000760.jpg" alt="bánh trung thu truyền thống"/></figure>



<p><em>Nếu muốn thay đổi khẩu vị trong dịp tết đoàn viên cho gia đình thì bánh trung thu rau câu sẽ là một gợi ý tuyệt vời (Ảnh: Sưu tầm)</em></p>
]]></content:encoded>
					
					<wfw:commentRss>http://https://github.com/nhatphi1515/nhatphi1515.github.io.git/2021/10/18/su-khac-biet-giua-banh-trung-thu-truyen-thong-va-hien-dai/feed/</wfw:commentRss>
			<slash:comments>3</slash:comments>
		
		
			</item>
		<item>
		<title>Cách làm bánh trung thu truyền thống</title>
		<link>http://https://github.com/nhatphi1515/nhatphi1515.github.io.git/2021/10/18/cach-lam-banh-trung-thu-truyen-thong/</link>
					<comments>http://https://github.com/nhatphi1515/nhatphi1515.github.io.git/2021/10/18/cach-lam-banh-trung-thu-truyen-thong/#respond</comments>
		
		<dc:creator><![CDATA[admin]]></dc:creator>
		<pubDate>Mon, 18 Oct 2021 19:12:42 +0000</pubDate>
				<category><![CDATA[Chưa phân loại]]></category>
		<guid isPermaLink="false">http://https://github.com/nhatphi1515/nhatphi1515.github.io.git/?p=1502</guid>

					<description><![CDATA[Cách làm&#160;bánh trung thu truyền thống&#160;không quá phức tạp nhưng để có được chiếc bánh thơm ngon, đẹp mắt đòi hỏi người thợ làm bánh phải phối hợp nhịp nhàng từng công đoạn một.&#160;Hãy cùng Vinpearl khám phá cách làm bánh trung thu truyền thống “ngon chuẩn vị” và biết đâu bạn có thể tạo [&#8230;]]]></description>
										<content:encoded><![CDATA[
<p>Cách làm&nbsp;<em>bánh trung thu truyền thống</em>&nbsp;không quá phức tạp nhưng để có được chiếc bánh thơm ngon, đẹp mắt đòi hỏi người thợ làm bánh phải phối hợp nhịp nhàng từng công đoạn một.&nbsp;Hãy cùng Vinpearl khám phá cách làm bánh trung thu truyền thống “ngon chuẩn vị” và biết đâu bạn có thể tạo ra những thành phẩm ưng ý của riêng mình.&nbsp;&nbsp;</p>



<h3 id="3.1.+Nguyên+liệu+làm+bánh">3.1. Nguyên liệu làm bánh</h3>



<p>Dưới đây là nguyên liệu cho 10 chiếc bánh trung thu 150g hay 12 chiếc bánh 100g, bao gồm một nửa bánh nướng và một nửa bánh dẻo mà bạn có thể tham khảo.</p>



<ul><li><strong>Phần nhân thập cẩm:&nbsp;</strong>bạn cần chuẩn bị 120g mứt bí, 120g mứt sen, 120g hạt điều, 120g hạt dưa, 120g vừng trắng, 120g lạp xưởng, 120g thịt xá xíu, 100g mỡ đường và một chút lá chanh;</li><li><strong>Phần nước sốt trộn nhân:</strong>&nbsp;gồm có 50g đường xay, 50g mật ngô, 50g nước lọc, 1 thìa hắc xì dầu, 10ml dầu mè, 20ml rượu mai quế lộ và 50g bột nếp rang chín. Nếu không có rượu mai quế lộ bạn cũng có thể sử dụng rượu trắng loại ngon để thay thế;</li><li><strong>Phần vỏ bánh nướng:</strong>&nbsp;được làm từ 100g nước đường đã nấu, 25ml dầu ăn, ¼ thìa baking soda, ½ thìa nước tro tàu, 200g bột mì và 1 lòng đỏ trứng gà. Trộn đều chúng với nhau và để ít nhất 4 tiếng trước khi làm bánh;</li><li><strong>Phần vỏ bánh dẻo:</strong>&nbsp;gồm có 100g nước đường đã nấu, 25ml dầu ăn, 1 chén nước hoa bưởi, 1 chén nhỏ nước cốt chanh và 250g bột nếp rang.</li></ul>



<figure class="wp-block-image"><img src="https://statics.vinpearl.com/banh-trung-thu-truyen-thong-10_1630997957.jpg" alt="Bánh trung thu truyền thống "/></figure>



<p><em>Chuẩn bị nguyên liệu là một trong những khâu vô cùng quan trọng trong quá trình làm bánh trung thu truyền thống (Ảnh: Sưu tầm)</em></p>



<h3 id="3.2.+Công+thức+bánh+trung+thu+truyền+thống">3.2. Công thức bánh trung thu truyền thống</h3>



<p>Từ những nguyên liệu đã chuẩn bị ở trên, bạn hãy bắt tay vào làm những chiếc bánh trung thu của mình ngay thôi.</p>



<p><strong>Bước 1: Làm phần nhân bánh</strong></p>



<ul><li>Đầu tiên, bạn cho tất cả những nguyên liệu đã chuẩn bị vào một tô lớn và trộn thật đều. Sau đó, cho phần nước trộn nhân đã chuẩn bị vào tô;</li><li>Bạn dùng bột mì rắc đều lên phần nhân bánh cho đến khi các nguyên liệu kết dính với nhau và tạo thành khối là được;</li><li>Bước tiếp theo này khá là đơn giản. Bạn chỉ cần vo phần nhân bánh thành từng viên hình tròn thật chặt.</li></ul>



<figure class="wp-block-image"><img src="https://statics.vinpearl.com/banh-trung-thu-truyen-thong-11_1630997996.jpg" alt="Bánh trung thu truyền thống "/></figure>



<p><em>Nhân bánh có vị béo ngậy, thơm thơm của lá chanh và vừng trắng (Ảnh: Sưu tầm)</em></p>



<p><strong>Bước 2: Làm phần vỏ bánh</strong></p>



<p><strong>Với bánh nướng truyền thống:</strong></p>



<ul><li>Trước tiên, bạn cho nước đường đã nấu cùng baking soda và bột mì đem trộn đều với nhau;</li><li>Sau đó ủ bột 30 phút cho bột nghỉ;</li><li>Lấy bột đã ủ ra và chia theo số lượng bánh định làm. Chú ý nặn thành những nhân tròn và chặt tay. Với lượng nguyên liệu như mình đã chuẩn bị ở trên thì bạn có thể chia thành 5 bánh 150gr hoặc 6 bánh 100gr tùy khuôn bánh của bạn.</li></ul>



<figure class="wp-block-image"><img src="https://statics.vinpearl.com/banh-trung-thu-truyen-thong-12_1630998032.jpg" alt="Bánh trung thu truyền thống "/></figure>



<p><em>Nhào bột vỏ bánh trung thu (Ảnh: Sưu tầm)</em></p>



<p><strong>Với bánh dẻo truyền thống:</strong></p>



<ul><li>Để làm vỏ bánh dẻo đầu tiên bạn cần hòa nước đường với dầu ăn, nước hoa bưởi và nước cốt chanh;</li><li>Sau đó, cho từ từ 200gr bột nếp đã rang vào bát trộn đều để bột không bị vón cục. Trộn cho tới khi bột tan đều với nước ở trên và nhớ giữ lại 50g bột còn lại để làm lớp bột áo nhé;</li><li>Ủ bột khoảng 30 phút cho bột có thời gian nghỉ;</li><li>Tiếp theo là lấy bột ra, chia bột và nặn thành những nhân tròn, chặt tay. Như vậy là bạn đã có những chiếc vỏ bánh dẻo thơm hương bưởi rồi.</li></ul>



<p><strong>Bước 3: Đóng khuôn bánh</strong></p>



<ul><li>Đầu tiên, bạn rắc một lớp bột mỏng vào khuôn bánh để bánh không bị dính. Một số người thì thường dùng dầu ăn để chống dính;</li><li>Từ những viên bột vỏ bánh đã nặn, bạn cán mỏng ra với độ dày khoảng 2- 3mmm rồi cho viên nhân vào giữa. Sau đó, thật khéo léo bọc kín nhân lại rồi vê tròn để cho vỏ bánh ôm khít nhân;</li><li>Lăn bánh qua một lớp áo bột mỏng rồi đặt vào khuôn và nén chặt. Làm như vậy thì chiếc bánh sẽ chắc hơn và có hoa văn sắc nét.</li></ul>



<figure class="wp-block-image"><img src="https://statics.vinpearl.com/banh-trung-thu-truyen-thong-13_1630998074.jpg" alt="Bánh trung thu truyền thống "/></figure>



<p><em>Xoa thêm bột áo ở đế bánh để bánh không bị dính vào mặt bàn khi đóng bánh (Ảnh: Sưu tầm)</em></p>



<p><strong>Bước 4: Nướng bánh</strong></p>



<p><strong>Với bánh dẻo truyền thống:</strong></p>



<p>Sau thời gian từ 6 &#8211; 8 tiếng, bạn có thể gỡ bánh ra khỏi khuôn cho mặt bánh se và khô lại. Như vậy là bạn đã có những chiếc bánh dẻo truyền thống thật thơm ngon rồi.</p>



<p><strong>Với bánh nướng truyền thống:</strong></p>



<ul><li>Sau khi gỡ bánh ra khỏi khuôn, bạn xếp bánh vào khay nướng;</li><li>Làm thêm một hỗn hợp trứng để quét lên bề mặt bánh cho bánh có màu nâu vàng đẹp mắt. Hỗn hợp này bao gồm: 1 ít nước lọc, 1 lòng đỏ trứng và 1 ít nước màu. Bạn khuấy đều hỗn hợp này lên là được;</li><li>Làm nóng lò nướng trước 15 phút ở nhiệt độ 185 độ C. Sau khi thấy lò đã nóng, bạn cho bánh ở khay vào ngăn giữa lò nướng. Cứ 5 phút lại lấy bánh ra xịt một lớp nước, thao tác này người ta còn hay gọi là phun sương trong quy trình làm bánh trung thu truyền thống. Để 2 &#8211; 3 phút thì lại dùng chổi quét lên bánh một lớp màu sau đó cho khay bánh vào trong lò nướng tiếp 6 phút;</li><li>Sau 6 phút lấy bánh ra tiếp tục phun sương và quét mặt bánh thêm 1 lần nữa. Cuối cùng cho khuôn bánh vào nướng thêm khoảng 6 phút là bánh chín.</li></ul>



<figure class="wp-block-image"><img src="https://statics.vinpearl.com/banh-trung-thu-truyen-thong-14_1630998097.jpg" alt="Bánh trung thu truyền thống "/></figure>



<p><em>Khay nướng có lót giấy nến nướng bánh (Ảnh: Sưu tầm)</em></p>



<p>Với cách làm bánh trung thu truyền thống như trên, bạn sẽ có những chiếc bánh thập cẩm nóng hổi, thơm ngon lại an toàn cho gia đình trong dịp tết Trung thu này.</p>
]]></content:encoded>
					
					<wfw:commentRss>http://https://github.com/nhatphi1515/nhatphi1515.github.io.git/2021/10/18/cach-lam-banh-trung-thu-truyen-thong/feed/</wfw:commentRss>
			<slash:comments>0</slash:comments>
		
		
			</item>
		<item>
		<title>Ý nghĩa của bánh trung thu</title>
		<link>http://https://github.com/nhatphi1515/nhatphi1515.github.io.git/2021/10/18/y-nghia-cua-banh-trung-thu/</link>
					<comments>http://https://github.com/nhatphi1515/nhatphi1515.github.io.git/2021/10/18/y-nghia-cua-banh-trung-thu/#respond</comments>
		
		<dc:creator><![CDATA[admin]]></dc:creator>
		<pubDate>Mon, 18 Oct 2021 19:10:26 +0000</pubDate>
				<category><![CDATA[Chưa phân loại]]></category>
		<guid isPermaLink="false">http://https://github.com/nhatphi1515/nhatphi1515.github.io.git/?p=1499</guid>

					<description><![CDATA[1. Ý nghĩa bánh trung thu truyền thống Một mùa tết Trung thu lại sắp về, những ký ức thời thơ ấu lại hiện lên trong tôi thật đẹp. Đó là ánh nến lung linh của cây đèn ông sao, là tiếng trống rộn vang khu xóm nhỏ, là tiếng cười giòn tan của đám [&#8230;]]]></description>
										<content:encoded><![CDATA[
<h2 id="1.+Ý+nghĩa+bánh+trung+thu+truyền+thống">1. Ý nghĩa bánh trung thu truyền thống</h2>



<p>Một mùa tết Trung thu lại sắp về, những ký ức thời thơ ấu lại hiện lên trong tôi thật đẹp. Đó là ánh nến lung linh của cây đèn ông sao, là tiếng trống rộn vang khu xóm nhỏ, là tiếng cười giòn tan của đám trẻ khi phá cỗ đêm rằm. Là hương vị thơm ngon của bánh trung thu truyền thống &#8211; một hương vị đầy ắp cả tuổi thơ.</p>



<figure class="wp-block-image"><img src="https://statics.vinpearl.com/banh-trung-thu-truyen-thong-01_1631000434.jpg" alt="bánh trung thu truyền thống"/></figure>



<p><em>Vào dịp đặc biệt này, người ta thường dành tặng những chiếc bánh trung thu đầy ý nghĩa cho những người thân yêu (Ảnh: Sưu tầm)</em></p>



<p>Ngày nay, bánh trung thu truyền thống là thức quà không thể thiếu trong mâm cỗ trông trăng của mỗi gia đình. Tết Trung thu là dịp con cháu thể hiện sự quan tâm và hiếu kính đến ông bà, cha mẹ. Bởi vậy, dù ai đi đâu, làm gì cũng muốn trở về quây quần bên gia đình. Mọi người cùng kể cho nhau nghe về những câu chuyện, cùng ngắm trăng, uống trà và thưởng thức hương vị thơm ngon của chiếc bánh truyền thống.</p>



<figure class="wp-block-image"><img src="https://statics.vinpearl.com/banh-trung-thu-truyen-thong-3_1630997746.jpeg" alt="Bánh trung thu truyền thống "/></figure>



<p><em>Tết đoàn viên là dịp để gia đình sum họp, quây quần bên nhau (Ảnh: Sưu tầm)</em></p>



<p>Không đơn thuần là một loại bánh, người ta còn nhắc đến bánh trung thu với ý nghĩa tốt đẹp về sự viên mãn, sung túc. Những chiếc bánh tròn đầy, đẹp mắt chính là món quà gửi gắm những tình cảm đẹp đẽ nhất, là lời tri ân sâu sắc gửi đến những người thân yêu trong gia đình.&nbsp;</p>



<p>Với nhiều người, thưởng thức bánh trung thu còn là một nghệ thuật, một thú vui tao nhã bình yên để chiêm nghiệm về cuộc đời. Chính những ý nghĩa tinh thần đặc biệt ấy mà chiếc bánh trung thu truyền thống luôn giữ vị trí nhất định trong lòng mỗi gia đình Việt.</p>



<figure class="wp-block-image"><img src="https://statics.vinpearl.com/banh-trung-thu-truyen-thong-4_1630997772.jpg" alt="Bánh trung thu truyền thống "/></figure>



<p><em>Còn gì tuyệt vời hơn khi được nhâm nhi tách trà nóng và thưởng thức một miếng bánh thật thơm ngon (Ảnh: Sưu tầm)</em></p>
]]></content:encoded>
					
					<wfw:commentRss>http://https://github.com/nhatphi1515/nhatphi1515.github.io.git/2021/10/18/y-nghia-cua-banh-trung-thu/feed/</wfw:commentRss>
			<slash:comments>0</slash:comments>
		
		
			</item>
	</channel>
</rss>
